Fuel Type_D,Fuel Type_E,Fuel Type_N,Fuel Type_X,Fuel Type_Z,Engine Size(L),Cylinders,CO2 Emissions(g/km)
0.0,0.0,0.0,0.0,1.0,2.0,4,196
0.0,0.0,0.0,0.0,1.0,2.4,4,221
0.0,0.0,0.0,0.0,1.0,1.5,4,136
0.0,0.0,0.0,0.0,1.0,3.5,6,255
0.0,0.0,0.0,0.0,1.0,3.5,6,244
0.0,0.0,0.0,0.0,1.0,3.5,6,230
0.0,0.0,0.0,0.0,1.0,3.5,6,232
0.0,0.0,0.0,0.0,1.0,3.7,6,255
0.0,0.0,0.0,0.0,1.0,3.7,6,267
0.0,0.0,0.0,0.0,1.0,2.4,4,212
0.0,0.0,0.0,0.0,1.0,2.4,4,225
0.0,0.0,0.0,0.0,1.0,3.5,6,239
0.0,0.0,0.0,0.0,1.0,1.8,4,193
0.0,0.0,0.0,0.0,1.0,5.9,12,359
0.0,0.0,0.0,0.0,1.0,4.7,8,338
0.0,0.0,0.0,0.0,1.0,4.7,8,354
0.0,0.0,0.0,0.0,1.0,2.0,4,202
0.0,0.0,0.0,0.0,1.0,2.0,4,230
0.0,0.0,0.0,0.0,1.0,2.0,4,214
0.0,0.0,0.0,0.0,1.0,2.0,4,235
0.0,0.0,0.0,0.0,1.0,3.0,6,251
1.0,0.0,0.0,0.0,0.0,3.0,6,217
0.0,0.0,0.0,0.0,1.0,3.0,6,262
0.0,0.0,0.0,0.0,1.0,3.0,6,258
0.0,0.0,0.0,0.0,1.0,4.0,8,265
1.0,0.0,0.0,0.0,0.0,3.0,6,224
0.0,0.0,0.0,0.0,1.0,4.0,8,288
0.0,0.0,0.0,0.0,1.0,6.3,12,363
0.0,0.0,0.0,0.0,1.0,2.0,4,242
0.0,0.0,0.0,0.0,1.0,2.0,4,239
1.0,0.0,0.0,0.0,0.0,3.0,6,244
0.0,0.0,0.0,0.0,1.0,2.0,4,212
0.0,0.0,0.0,0.0,1.0,3.0,6,304
1.0,0.0,0.0,0.0,0.0,3.0,6,290
0.0,0.0,0.0,0.0,1.0,4.2,8,336
0.0,0.0,0.0,0.0,1.0,4.2,8,407
0.0,0.0,0.0,0.0,1.0,5.2,10,347
0.0,0.0,0.0,0.0,1.0,5.2,10,409
0.0,0.0,0.0,0.0,1.0,4.2,8,306
0.0,0.0,0.0,0.0,1.0,4.2,8,308
0.0,0.0,0.0,0.0,1.0,4.0,8,293
0.0,0.0,0.0,0.0,1.0,3.0,6,285
0.0,0.0,0.0,0.0,1.0,3.0,6,267
0.0,0.0,0.0,0.0,1.0,4.0,8,281
0.0,0.0,0.0,0.0,1.0,4.0,8,300
0.0,0.0,0.0,0.0,1.0,3.0,6,292
0.0,0.0,0.0,0.0,1.0,2.0,4,209
0.0,0.0,0.0,0.0,1.0,2.0,4,237
0.0,0.0,0.0,0.0,1.0,4.0,8,314
0.0,0.0,0.0,0.0,1.0,6.0,12,356
0.0,0.0,0.0,0.0,1.0,4.0,8,332
0.0,0.0,0.0,0.0,1.0,6.0,12,380
0.0,0.0,0.0,0.0,1.0,6.0,12,388
0.0,0.0,0.0,0.0,1.0,6.8,8,437
0.0,0.0,0.0,0.0,1.0,2.0,4,193
0.0,0.0,0.0,0.0,1.0,2.0,4,200
1.0,0.0,0.0,0.0,0.0,2.0,4,181
0.0,0.0,0.0,0.0,1.0,3.0,6,221
0.0,0.0,0.0,0.0,1.0,3.0,6,230
0.0,0.0,0.0,0.0,1.0,3.0,6,228
0.0,0.0,0.0,0.0,1.0,3.0,6,237
0.0,0.0,0.0,0.0,1.0,3.0,6,232
1.0,0.0,0.0,0.0,0.0,3.0,6,213
0.0,0.0,0.0,0.0,1.0,3.0,6,246
0.0,0.0,0.0,0.0,1.0,4.4,8,281
0.0,0.0,0.0,0.0,1.0,4.4,8,292
0.0,0.0,0.0,0.0,1.0,3.0,6,191
0.0,0.0,0.0,0.0,1.0,3.0,6,214
0.0,0.0,0.0,0.0,1.0,3.0,6,212
0.0,0.0,0.0,0.0,1.0,4.4,8,338
0.0,0.0,0.0,0.0,1.0,4.4,8,317
0.0,0.0,0.0,0.0,1.0,3.0,6,260
0.0,0.0,0.0,0.0,1.0,3.0,6,253
0.0,0.0,0.0,0.0,1.0,3.0,6,255
0.0,0.0,0.0,0.0,1.0,4.4,8,320
0.0,0.0,0.0,0.0,1.0,4.4,8,370
0.0,0.0,0.0,0.0,1.0,3.0,6,274
0.0,0.0,0.0,0.0,1.0,4.4,8,324
0.0,0.0,0.0,0.0,1.0,3.0,6,278
0.0,0.0,0.0,1.0,0.0,3.6,6,283
0.0,0.0,0.0,1.0,0.0,3.6,6,290
0.0,0.0,0.0,1.0,0.0,1.4,4,196
0.0,0.0,0.0,1.0,0.0,1.4,4,212
0.0,0.0,0.0,1.0,0.0,3.6,6,264
0.0,1.0,0.0,0.0,0.0,3.6,6,250
0.0,1.0,0.0,0.0,0.0,3.6,6,264
0.0,0.0,0.0,1.0,0.0,2.4,4,189
0.0,0.0,0.0,0.0,1.0,2.0,4,228
0.0,0.0,0.0,0.0,1.0,2.0,4,225
0.0,0.0,0.0,0.0,1.0,2.0,4,246
0.0,0.0,0.0,1.0,0.0,2.4,4,218
0.0,0.0,0.0,0.0,1.0,2.0,4,221
0.0,0.0,0.0,1.0,0.0,2.5,4,207
0.0,0.0,0.0,1.0,0.0,3.6,6,251
0.0,0.0,0.0,0.0,1.0,2.0,4,232
0.0,0.0,0.0,1.0,0.0,3.6,6,260
0.0,0.0,0.0,1.0,0.0,3.6,6,258
0.0,0.0,0.0,1.0,0.0,3.6,6,262
0.0,0.0,0.0,1.0,0.0,3.6,6,248
0.0,0.0,0.0,0.0,1.0,2.0,4,248
0.0,0.0,0.0,0.0,1.0,3.6,6,294
0.0,0.0,0.0,1.0,0.0,3.0,6,253
0.0,0.0,0.0,1.0,0.0,3.0,6,255
0.0,0.0,0.0,0.0,1.0,6.2,8,382
0.0,0.0,0.0,0.0,1.0,6.2,8,340
0.0,0.0,0.0,0.0,1.0,6.2,8,338
0.0,1.0,0.0,0.0,0.0,6.2,8,322
0.0,0.0,0.0,0.0,1.0,6.2,8,377
0.0,1.0,0.0,0.0,0.0,6.2,8,354
0.0,0.0,0.0,1.0,0.0,3.6,6,294
0.0,0.0,0.0,1.0,0.0,3.6,6,271
0.0,0.0,0.0,0.0,1.0,3.6,6,290
0.0,0.0,0.0,1.0,0.0,3.6,6,269
0.0,0.0,0.0,1.0,0.0,3.6,6,242
0.0,0.0,0.0,0.0,1.0,6.2,8,294
0.0,0.0,0.0,0.0,1.0,6.2,8,292
0.0,0.0,0.0,0.0,1.0,6.2,8,276
0.0,0.0,0.0,0.0,1.0,6.2,8,258
0.0,0.0,0.0,1.0,0.0,1.4,4,179
0.0,0.0,0.0,1.0,0.0,1.8,4,202
0.0,0.0,0.0,1.0,0.0,1.8,4,189
1.0,0.0,0.0,0.0,0.0,2.0,4,192
0.0,0.0,0.0,1.0,0.0,1.4,4,177
0.0,0.0,0.0,1.0,0.0,1.4,4,163
0.0,0.0,0.0,1.0,0.0,2.4,4,209
0.0,0.0,0.0,1.0,0.0,3.6,6,276
0.0,1.0,0.0,0.0,0.0,3.6,6,259
0.0,0.0,0.0,1.0,0.0,2.4,4,230
0.0,1.0,0.0,0.0,0.0,3.6,6,272
0.0,0.0,0.0,1.0,0.0,4.3,6,347
0.0,0.0,0.0,1.0,0.0,5.3,8,366
0.0,1.0,0.0,0.0,0.0,5.3,8,334
0.0,0.0,0.0,1.0,0.0,5.3,8,380
0.0,1.0,0.0,0.0,0.0,5.3,8,344
0.0,1.0,0.0,0.0,0.0,5.3,8,362
0.0,0.0,0.0,1.0,0.0,4.8,8,414
0.0,0.0,0.0,1.0,0.0,6.0,8,432
0.0,1.0,0.0,0.0,0.0,6.0,8,411
0.0,0.0,0.0,1.0,0.0,4.8,8,419
0.0,0.0,0.0,1.0,0.0,6.0,8,435
0.0,1.0,0.0,0.0,0.0,6.0,8,413
0.0,0.0,0.0,1.0,0.0,2.5,4,221
0.0,0.0,0.0,1.0,0.0,3.6,6,244
0.0,1.0,0.0,0.0,0.0,3.6,6,229
0.0,0.0,0.0,1.0,0.0,2.4,4,200
0.0,0.0,0.0,1.0,0.0,2.5,4,184
0.0,0.0,0.0,1.0,0.0,2.4,4,244
0.0,0.0,0.0,1.0,0.0,2.4,4,235
0.0,0.0,0.0,1.0,0.0,4.3,6,271
0.0,1.0,0.0,0.0,0.0,4.3,6,269
0.0,0.0,0.0,1.0,0.0,5.3,8,292
0.0,1.0,0.0,0.0,0.0,5.3,8,270
0.0,0.0,0.0,0.0,1.0,6.2,8,324
0.0,0.0,0.0,1.0,0.0,4.3,6,290
0.0,1.0,0.0,0.0,0.0,4.3,6,285
0.0,0.0,0.0,1.0,0.0,5.3,8,299
0.0,1.0,0.0,0.0,0.0,5.3,8,277
0.0,0.0,0.0,0.0,1.0,6.2,8,329
0.0,0.0,0.0,1.0,0.0,1.4,4,184
0.0,0.0,0.0,1.0,0.0,1.4,4,173
0.0,0.0,0.0,1.0,0.0,1.8,4,191
0.0,0.0,0.0,1.0,0.0,1.8,4,182
0.0,0.0,0.0,1.0,0.0,1.4,4,191
0.0,0.0,0.0,1.0,0.0,1.4,4,172
0.0,0.0,0.0,1.0,0.0,1.2,4,159
0.0,0.0,0.0,1.0,0.0,5.3,8,317
0.0,1.0,0.0,0.0,0.0,5.3,8,294
0.0,0.0,0.0,1.0,0.0,1.4,4,193
0.0,0.0,0.0,1.0,0.0,1.4,4,186
0.0,0.0,0.0,1.0,0.0,1.4,4,207
0.0,0.0,0.0,1.0,0.0,3.6,6,237
0.0,0.0,0.0,1.0,0.0,2.4,4,232
0.0,0.0,0.0,1.0,0.0,2.4,4,246
0.0,1.0,0.0,0.0,0.0,3.6,6,230
0.0,0.0,0.0,1.0,0.0,2.4,4,225
0.0,0.0,0.0,1.0,0.0,5.7,8,294
0.0,0.0,0.0,1.0,0.0,5.7,8,308
0.0,1.0,0.0,0.0,0.0,3.6,6,237
0.0,1.0,0.0,0.0,0.0,3.6,6,222
0.0,0.0,0.0,0.0,1.0,6.4,8,317
0.0,1.0,0.0,0.0,0.0,3.6,6,269
0.0,0.0,0.0,1.0,0.0,5.7,8,301
0.0,0.0,0.0,0.0,1.0,6.4,8,320
0.0,1.0,0.0,0.0,0.0,3.6,6,251
0.0,0.0,0.0,1.0,0.0,3.6,6,235
0.0,0.0,0.0,1.0,0.0,2.0,4,186
0.0,0.0,0.0,1.0,0.0,2.4,4,198
0.0,0.0,0.0,1.0,0.0,2.4,4,202
0.0,0.0,0.0,1.0,0.0,2.0,4,198
0.0,1.0,0.0,0.0,0.0,2.0,4,195
0.0,0.0,0.0,1.0,0.0,2.4,4,212
0.0,0.0,0.0,1.0,0.0,1.4,4,168
0.0,0.0,0.0,1.0,0.0,5.7,8,331
0.0,0.0,0.0,1.0,0.0,3.6,6,278
0.0,0.0,0.0,1.0,0.0,2.4,4,255
0.0,0.0,0.0,1.0,0.0,3.6,6,285
0.0,0.0,0.0,1.0,0.0,1.4,4,182
0.0,0.0,0.0,1.0,0.0,1.4,4,166
0.0,0.0,0.0,1.0,0.0,1.4,4,156
0.0,0.0,0.0,1.0,0.0,1.4,4,200
0.0,0.0,0.0,1.0,0.0,2.0,4,138
0.0,0.0,0.0,1.0,0.0,4.6,8,373
0.0,1.0,0.0,0.0,0.0,4.6,8,350
0.0,0.0,0.0,1.0,0.0,5.4,8,396
0.0,1.0,0.0,0.0,0.0,5.4,8,360
0.0,0.0,0.0,1.0,0.0,4.6,8,386
0.0,1.0,0.0,0.0,0.0,4.6,8,368
0.0,0.0,0.0,1.0,0.0,6.8,10,488
0.0,0.0,0.0,1.0,0.0,5.4,8,421
0.0,1.0,0.0,0.0,0.0,5.4,8,382
0.0,0.0,0.0,1.0,0.0,2.0,4,225
0.0,0.0,0.0,1.0,0.0,3.5,6,248
0.0,0.0,0.0,1.0,0.0,3.5,6,264
0.0,0.0,0.0,1.0,0.0,3.7,6,281
0.0,0.0,0.0,1.0,0.0,1.6,4,209
0.0,0.0,0.0,1.0,0.0,2.0,4,221
0.0,0.0,0.0,1.0,0.0,2.5,4,216
0.0,0.0,0.0,1.0,0.0,1.6,4,214
0.0,0.0,0.0,1.0,0.0,2.0,4,230
0.0,0.0,0.0,1.0,0.0,5.4,8,368
0.0,1.0,0.0,0.0,0.0,5.4,8,346
0.0,0.0,0.0,1.0,0.0,2.0,4,235
0.0,0.0,0.0,1.0,0.0,3.5,6,299
0.0,0.0,0.0,1.0,0.0,3.5,6,274
0.0,1.0,0.0,0.0,0.0,3.5,6,254
0.0,0.0,0.0,1.0,0.0,3.5,6,288
0.0,1.0,0.0,0.0,0.0,3.5,6,267
0.0,0.0,0.0,1.0,0.0,3.5,6,292
0.0,0.0,0.0,1.0,0.0,3.5,6,294
0.0,0.0,0.0,1.0,0.0,6.2,8,366
0.0,0.0,0.0,1.0,0.0,3.5,6,317
0.0,0.0,0.0,1.0,0.0,3.5,6,308
0.0,0.0,0.0,1.0,0.0,6.2,8,402
0.0,0.0,0.0,1.0,0.0,3.7,6,283
0.0,1.0,0.0,0.0,0.0,3.7,6,264
0.0,0.0,0.0,1.0,0.0,5.0,8,336
0.0,1.0,0.0,0.0,0.0,5.0,8,315
0.0,0.0,0.0,1.0,0.0,3.7,6,308
0.0,1.0,0.0,0.0,0.0,3.7,6,288
0.0,0.0,0.0,1.0,0.0,5.0,8,343
0.0,1.0,0.0,0.0,0.0,5.0,8,320
0.0,0.0,0.0,1.0,0.0,5.0,8,340
0.0,1.0,0.0,0.0,0.0,5.0,8,318
0.0,0.0,0.0,1.0,0.0,6.2,8,414
0.0,0.0,0.0,1.0,0.0,1.6,4,175
0.0,0.0,0.0,1.0,0.0,1.0,4,152
0.0,0.0,0.0,1.0,0.0,1.6,4,161
0.0,0.0,0.0,1.0,0.0,1.6,4,184
0.0,0.0,0.0,1.0,0.0,3.5,6,278
0.0,0.0,0.0,1.0,0.0,2.0,4,205
0.0,0.0,0.0,1.0,0.0,2.0,4,177
0.0,1.0,0.0,0.0,0.0,2.0,4,165
0.0,0.0,0.0,1.0,0.0,2.0,4,179
0.0,0.0,0.0,1.0,0.0,2.0,4,184
0.0,1.0,0.0,0.0,0.0,2.0,4,170
0.0,0.0,0.0,1.0,0.0,2.0,4,166
0.0,1.0,0.0,0.0,0.0,2.0,4,162
0.0,0.0,0.0,1.0,0.0,1.5,4,196
0.0,0.0,0.0,1.0,0.0,1.6,4,186
0.0,0.0,0.0,1.0,0.0,2.0,4,207
0.0,0.0,0.0,1.0,0.0,2.5,4,205
0.0,0.0,0.0,1.0,0.0,1.5,4,186
0.0,0.0,0.0,1.0,0.0,2.0,4,216
0.0,0.0,0.0,1.0,0.0,2.0,4,126
0.0,0.0,0.0,1.0,0.0,3.7,6,235
0.0,0.0,0.0,1.0,0.0,3.7,6,244
0.0,0.0,0.0,1.0,0.0,5.0,8,264
0.0,0.0,0.0,1.0,0.0,5.0,8,292
0.0,0.0,0.0,0.0,1.0,5.8,8,304
0.0,0.0,0.0,1.0,0.0,2.0,4,209
0.0,0.0,0.0,1.0,0.0,3.5,6,271
0.0,0.0,0.0,1.0,0.0,3.5,6,237
0.0,1.0,0.0,0.0,0.0,3.5,6,229
0.0,0.0,0.0,1.0,0.0,3.5,6,258
0.0,1.0,0.0,0.0,0.0,3.5,6,251
0.0,0.0,0.0,1.0,0.0,1.6,4,218
0.0,0.0,0.0,1.0,0.0,2.5,4,228
0.0,0.0,0.0,1.0,0.0,1.6,4,232
0.0,0.0,0.0,1.0,0.0,2.5,4,239
0.0,0.0,0.0,1.0,0.0,3.6,6,297
0.0,0.0,0.0,1.0,0.0,2.4,4,182
0.0,0.0,0.0,1.0,0.0,2.4,4,186
0.0,0.0,0.0,1.0,0.0,3.5,6,209
0.0,0.0,0.0,1.0,0.0,3.5,6,221
0.0,0.0,0.0,1.0,0.0,3.5,6,251
0.0,0.0,0.0,1.0,0.0,2.0,4,110
0.0,0.0,0.0,1.0,0.0,1.8,4,161
0.0,0.0,0.0,1.0,0.0,1.8,4,166
0.0,0.0,0.0,1.0,0.0,1.8,4,175
0.0,0.0,0.0,1.0,0.0,3.5,6,246
0.0,0.0,0.0,1.0,0.0,2.4,4,216
0.0,0.0,0.0,1.0,0.0,1.5,4,145
0.0,0.0,0.0,1.0,0.0,1.5,4,159
0.0,0.0,0.0,1.0,0.0,1.5,4,172
0.0,0.0,0.0,1.0,0.0,1.5,4,177
0.0,0.0,0.0,1.0,0.0,3.5,6,244
0.0,0.0,0.0,1.0,0.0,3.5,6,265
0.0,0.0,0.0,1.0,0.0,3.5,6,276
0.0,0.0,0.0,1.0,0.0,1.6,4,177
0.0,0.0,0.0,1.0,0.0,2.0,4,196
0.0,0.0,0.0,0.0,1.0,5.0,8,304
0.0,0.0,0.0,1.0,0.0,3.8,6,255
0.0,0.0,0.0,1.0,0.0,3.3,6,258
0.0,0.0,0.0,1.0,0.0,3.3,6,267
0.0,0.0,0.0,1.0,0.0,2.4,4,237
0.0,0.0,0.0,1.0,0.0,2.0,4,264
0.0,0.0,0.0,1.0,0.0,2.4,4,196
0.0,0.0,0.0,1.0,0.0,2.4,4,143
0.0,0.0,0.0,1.0,0.0,2.4,4,145
0.0,0.0,0.0,1.0,0.0,2.0,4,214
0.0,0.0,0.0,1.0,0.0,2.0,4,232
0.0,0.0,0.0,1.0,0.0,2.0,4,242
0.0,0.0,0.0,1.0,0.0,1.6,4,202
0.0,0.0,0.0,1.0,0.0,1.6,4,196
0.0,0.0,0.0,0.0,1.0,3.7,6,235
0.0,0.0,0.0,0.0,1.0,3.7,6,248
0.0,0.0,0.0,0.0,1.0,3.5,6,172
0.0,0.0,0.0,0.0,1.0,3.5,6,189
0.0,0.0,0.0,0.0,1.0,3.7,6,265
0.0,0.0,0.0,0.0,1.0,3.7,6,269
0.0,0.0,0.0,0.0,1.0,3.7,6,283
0.0,0.0,0.0,0.0,1.0,3.7,6,253
0.0,0.0,0.0,0.0,1.0,5.6,8,283
0.0,0.0,0.0,0.0,1.0,5.6,8,294
0.0,0.0,0.0,0.0,1.0,3.5,6,175
0.0,0.0,0.0,0.0,1.0,3.7,6,271
0.0,0.0,0.0,0.0,1.0,3.5,6,253
0.0,0.0,0.0,1.0,0.0,2.5,4,196
0.0,0.0,0.0,0.0,1.0,3.7,6,294
0.0,0.0,0.0,0.0,1.0,5.0,8,334
0.0,0.0,0.0,0.0,1.0,5.6,8,345
0.0,0.0,0.0,0.0,1.0,3.0,6,244
0.0,0.0,0.0,0.0,1.0,5.0,8,294
0.0,0.0,0.0,0.0,1.0,3.0,6,281
0.0,0.0,0.0,0.0,1.0,5.0,8,306
0.0,1.0,0.0,0.0,0.0,5.0,8,290
0.0,1.0,0.0,0.0,0.0,5.0,8,280
0.0,0.0,0.0,0.0,1.0,5.0,8,301
0.0,0.0,0.0,0.0,1.0,5.0,8,290
0.0,0.0,0.0,0.0,1.0,5.0,8,315
0.0,0.0,0.0,0.0,1.0,5.0,8,310
0.0,0.0,0.0,1.0,0.0,3.2,6,242
0.0,0.0,0.0,1.0,0.0,3.2,6,248
0.0,0.0,0.0,1.0,0.0,3.2,6,253
0.0,0.0,0.0,1.0,0.0,2.4,4,251
0.0,0.0,0.0,1.0,0.0,3.2,6,267
0.0,0.0,0.0,1.0,0.0,2.0,4,228
0.0,0.0,0.0,1.0,0.0,5.7,8,340
1.0,0.0,0.0,0.0,0.0,3.0,6,267
0.0,0.0,0.0,0.0,1.0,6.4,8,363
0.0,0.0,0.0,1.0,0.0,3.6,6,308
0.0,0.0,0.0,1.0,0.0,3.3,6,251
0.0,0.0,0.0,1.0,0.0,1.8,4,184
0.0,0.0,0.0,1.0,0.0,2.0,4,193
0.0,0.0,0.0,1.0,0.0,1.6,4,223
0.0,0.0,0.0,1.0,0.0,1.6,4,225
0.0,0.0,0.0,1.0,0.0,1.6,4,216
0.0,0.0,0.0,1.0,0.0,1.6,4,221
0.0,0.0,0.0,1.0,0.0,2.4,4,147
0.0,0.0,0.0,1.0,0.0,2.0,4,212
0.0,0.0,0.0,1.0,0.0,3.3,6,262
0.0,0.0,0.0,1.0,0.0,2.4,4,253
0.0,0.0,0.0,1.0,0.0,3.3,6,271
0.0,0.0,0.0,1.0,0.0,1.6,4,205
0.0,0.0,0.0,1.0,0.0,1.6,4,207
0.0,0.0,0.0,1.0,0.0,2.0,4,202
0.0,0.0,0.0,1.0,0.0,2.4,4,260
0.0,0.0,0.0,1.0,0.0,2.0,4,262
0.0,0.0,0.0,0.0,1.0,6.5,12,421
0.0,0.0,0.0,0.0,1.0,5.2,10,361
0.0,0.0,0.0,0.0,1.0,5.2,10,400
0.0,0.0,0.0,0.0,1.0,2.0,4,274
0.0,0.0,0.0,0.0,1.0,3.0,6,334
0.0,0.0,0.0,0.0,1.0,5.0,8,354
0.0,0.0,0.0,0.0,1.0,5.0,8,347
0.0,1.0,0.0,0.0,0.0,5.0,8,342
0.0,1.0,0.0,0.0,0.0,3.0,6,278
0.0,0.0,0.0,0.0,1.0,5.0,8,345
0.0,0.0,0.0,0.0,1.0,5.0,8,338
0.0,1.0,0.0,0.0,0.0,5.0,8,331
0.0,0.0,0.0,0.0,1.0,3.0,6,283
0.0,1.0,0.0,0.0,0.0,3.0,6,277
0.0,0.0,0.0,1.0,0.0,1.8,4,129
0.0,0.0,0.0,1.0,0.0,2.5,4,138
0.0,0.0,0.0,0.0,1.0,4.6,8,320
0.0,0.0,0.0,0.0,1.0,2.5,6,223
0.0,0.0,0.0,0.0,1.0,2.5,6,239
0.0,0.0,0.0,0.0,1.0,4.6,8,283
0.0,0.0,0.0,0.0,1.0,4.6,8,297
0.0,0.0,0.0,0.0,1.0,5.0,8,262
0.0,0.0,0.0,0.0,1.0,5.7,8,380
0.0,0.0,0.0,1.0,0.0,3.5,6,269
0.0,0.0,0.0,1.0,0.0,3.5,6,255
0.0,0.0,0.0,1.0,0.0,3.7,6,260
0.0,0.0,0.0,1.0,0.0,3.7,6,262
0.0,0.0,0.0,1.0,0.0,2.0,4,145
0.0,0.0,0.0,0.0,1.0,4.7,8,347
0.0,0.0,0.0,0.0,1.0,4.7,8,352
0.0,0.0,0.0,0.0,1.0,3.8,8,334
0.0,0.0,0.0,0.0,1.0,3.0,6,301
0.0,0.0,0.0,1.0,0.0,2.0,4,189
0.0,0.0,0.0,1.0,0.0,2.5,4,198
0.0,0.0,0.0,1.0,0.0,3.7,6,290
0.0,0.0,0.0,1.0,0.0,1.5,4,170
0.0,0.0,0.0,1.0,0.0,2.0,4,159
0.0,0.0,0.0,1.0,0.0,2.0,4,161
0.0,0.0,0.0,1.0,0.0,2.5,4,170
0.0,0.0,0.0,1.0,0.0,2.5,4,168
0.0,0.0,0.0,1.0,0.0,2.0,4,163
0.0,0.0,0.0,1.0,0.0,2.5,4,177
0.0,0.0,0.0,1.0,0.0,2.5,4,223
0.0,0.0,0.0,1.0,0.0,2.5,4,225
0.0,0.0,0.0,1.0,0.0,2.5,4,175
0.0,0.0,0.0,1.0,0.0,2.5,4,186
0.0,0.0,0.0,0.0,1.0,2.0,4,184
0.0,0.0,0.0,0.0,1.0,1.8,4,216
0.0,0.0,0.0,0.0,1.0,3.5,6,242
0.0,1.0,0.0,0.0,0.0,3.5,6,224
0.0,0.0,0.0,0.0,1.0,6.2,8,347
0.0,0.0,0.0,0.0,1.0,6.2,8,352
0.0,0.0,0.0,0.0,1.0,4.7,8,304
0.0,0.0,0.0,0.0,1.0,5.5,8,308
0.0,0.0,0.0,0.0,1.0,2.0,4,179
0.0,0.0,0.0,0.0,1.0,4.7,8,264
0.0,0.0,0.0,0.0,1.0,5.5,8,301
1.0,0.0,0.0,0.0,0.0,2.1,4,194
0.0,0.0,0.0,0.0,1.0,3.5,6,235
0.0,0.0,0.0,0.0,1.0,3.5,6,202
0.0,0.0,0.0,0.0,1.0,4.7,8,267
0.0,0.0,0.0,0.0,1.0,4.7,8,269
0.0,0.0,0.0,0.0,1.0,4.7,8,262
0.0,0.0,0.0,0.0,1.0,5.5,8,297
0.0,0.0,0.0,0.0,1.0,5.5,8,310
0.0,0.0,0.0,0.0,1.0,5.5,8,419
0.0,0.0,0.0,0.0,1.0,5.5,8,407
1.0,0.0,0.0,0.0,0.0,3.0,6,324
0.0,0.0,0.0,0.0,1.0,4.7,8,350
0.0,0.0,0.0,0.0,1.0,4.7,8,359
0.0,0.0,0.0,0.0,1.0,5.5,8,363
1.0,0.0,0.0,0.0,0.0,2.1,4,230
0.0,0.0,0.0,0.0,1.0,3.5,6,260
0.0,0.0,0.0,0.0,1.0,3.5,6,278
0.0,1.0,0.0,0.0,0.0,3.5,6,256
1.0,0.0,0.0,0.0,0.0,3.0,6,278
0.0,0.0,0.0,0.0,1.0,4.7,8,327
0.0,0.0,0.0,0.0,1.0,5.5,8,356
0.0,0.0,0.0,0.0,1.0,4.7,8,278
0.0,0.0,0.0,0.0,1.0,4.7,8,276
0.0,0.0,0.0,0.0,1.0,5.5,8,304
0.0,0.0,0.0,0.0,1.0,5.5,8,292
0.0,0.0,0.0,0.0,1.0,6.0,8,327
0.0,0.0,0.0,0.0,1.0,1.8,4,205
0.0,0.0,0.0,0.0,1.0,1.8,4,207
0.0,0.0,0.0,0.0,1.0,3.5,6,225
0.0,0.0,0.0,0.0,1.0,5.5,8,246
0.0,0.0,0.0,0.0,1.0,6.2,8,380
0.0,0.0,0.0,0.0,1.0,6.2,8,361
0.0,0.0,0.0,0.0,1.0,1.6,4,179
0.0,0.0,0.0,0.0,1.0,1.6,4,200
0.0,0.0,0.0,0.0,1.0,1.6,4,175
0.0,0.0,0.0,0.0,1.0,1.6,4,168
0.0,0.0,0.0,0.0,1.0,1.6,4,191
0.0,0.0,0.0,0.0,1.0,1.6,4,184
0.0,0.0,0.0,0.0,1.0,1.6,4,207
0.0,0.0,0.0,0.0,1.0,1.6,4,196
0.0,0.0,0.0,1.0,0.0,2.0,4,191
0.0,0.0,0.0,0.0,1.0,2.0,4,288
0.0,0.0,0.0,0.0,1.0,2.0,4,283
0.0,0.0,0.0,0.0,1.0,2.0,4,267
0.0,0.0,0.0,1.0,0.0,1.2,3,138
0.0,0.0,0.0,1.0,0.0,1.2,3,147
0.0,0.0,0.0,0.0,1.0,3.0,6,235
0.0,0.0,0.0,1.0,0.0,2.0,4,200
0.0,0.0,0.0,0.0,1.0,3.7,6,264
0.0,0.0,0.0,0.0,1.0,3.7,6,262
0.0,0.0,0.0,1.0,0.0,3.5,6,214
0.0,0.0,0.0,1.0,0.0,5.6,8,380
0.0,0.0,0.0,1.0,0.0,2.5,4,283
0.0,0.0,0.0,1.0,0.0,2.5,4,260
0.0,0.0,0.0,1.0,0.0,4.0,6,292
0.0,0.0,0.0,1.0,0.0,4.0,6,315
0.0,0.0,0.0,1.0,0.0,4.0,6,301
0.0,0.0,0.0,0.0,1.0,3.8,6,297
0.0,0.0,0.0,0.0,1.0,1.6,4,186
0.0,0.0,0.0,0.0,1.0,1.6,4,198
0.0,0.0,0.0,0.0,1.0,3.5,6,251
0.0,0.0,0.0,1.0,0.0,3.5,6,253
0.0,0.0,0.0,1.0,0.0,2.5,4,202
0.0,0.0,0.0,1.0,0.0,2.5,4,191
0.0,0.0,0.0,1.0,0.0,1.8,4,179
0.0,0.0,0.0,1.0,0.0,5.6,8,359
0.0,0.0,0.0,1.0,0.0,5.6,8,398
0.0,0.0,0.0,1.0,0.0,1.6,4,152
0.0,0.0,0.0,1.0,0.0,4.0,6,327
0.0,0.0,0.0,0.0,1.0,3.4,6,232
0.0,0.0,0.0,0.0,1.0,3.4,6,246
0.0,0.0,0.0,0.0,1.0,3.4,6,237
0.0,0.0,0.0,0.0,1.0,3.4,6,242
0.0,0.0,0.0,0.0,1.0,3.4,6,253
0.0,0.0,0.0,0.0,1.0,3.8,6,248
0.0,0.0,0.0,0.0,1.0,3.8,6,253
0.0,0.0,0.0,0.0,1.0,3.8,6,258
0.0,0.0,0.0,0.0,1.0,3.8,6,244
0.0,0.0,0.0,0.0,1.0,3.8,6,246
0.0,0.0,0.0,0.0,1.0,3.8,6,251
0.0,0.0,0.0,0.0,1.0,3.8,6,322
0.0,0.0,0.0,0.0,1.0,3.8,6,274
0.0,0.0,0.0,0.0,1.0,2.7,6,212
0.0,0.0,0.0,0.0,1.0,2.7,6,228
0.0,0.0,0.0,0.0,1.0,3.4,6,225
0.0,0.0,0.0,0.0,1.0,3.4,6,239
0.0,0.0,0.0,0.0,1.0,3.6,6,313
1.0,0.0,0.0,0.0,0.0,3.0,6,277
0.0,0.0,0.0,0.0,1.0,4.8,8,338
0.0,0.0,0.0,0.0,1.0,4.8,8,310
0.0,0.0,0.0,0.0,1.0,4.8,8,326
0.0,0.0,0.0,0.0,1.0,4.8,8,358
0.0,0.0,0.0,0.0,1.0,3.6,6,251
0.0,0.0,0.0,0.0,1.0,3.6,6,255
0.0,0.0,0.0,0.0,1.0,3.0,6,264
0.0,0.0,0.0,0.0,1.0,4.8,8,292
0.0,0.0,0.0,0.0,1.0,4.8,8,294
0.0,0.0,0.0,0.0,1.0,4.8,8,297
0.0,0.0,0.0,1.0,0.0,5.7,8,313
0.0,0.0,0.0,1.0,0.0,5.7,8,354
0.0,0.0,0.0,1.0,0.0,5.7,8,324
1.0,0.0,0.0,0.0,0.0,3.0,6,286
0.0,1.0,0.0,0.0,0.0,3.6,6,285
1.0,0.0,0.0,0.0,0.0,3.0,6,275
0.0,0.0,0.0,1.0,0.0,3.6,6,274
0.0,1.0,0.0,0.0,0.0,3.6,6,254
0.0,0.0,0.0,0.0,1.0,6.6,12,368
0.0,0.0,0.0,0.0,1.0,6.7,12,393
0.0,0.0,0.0,0.0,1.0,6.6,12,359
0.0,0.0,0.0,0.0,1.0,2.0,4,218
0.0,0.0,0.0,1.0,0.0,1.3,4,143
0.0,0.0,0.0,1.0,0.0,2.4,4,228
0.0,0.0,0.0,0.0,1.0,1.0,3,147
0.0,0.0,0.0,0.0,1.0,8.4,10,389
0.0,0.0,0.0,0.0,1.0,2.5,4,258
0.0,0.0,0.0,0.0,1.0,2.5,4,288
0.0,0.0,0.0,1.0,0.0,3.6,6,267
0.0,0.0,0.0,1.0,0.0,3.6,6,301
0.0,0.0,0.0,1.0,0.0,4.0,6,297
0.0,0.0,0.0,1.0,0.0,2.5,4,189
0.0,0.0,0.0,1.0,0.0,2.5,4,131
0.0,0.0,0.0,1.0,0.0,1.8,4,177
0.0,0.0,0.0,1.0,0.0,1.8,4,168
0.0,0.0,0.0,1.0,0.0,1.8,4,163
0.0,0.0,0.0,1.0,0.0,1.8,4,170
0.0,0.0,0.0,1.0,0.0,1.8,4,156
0.0,0.0,0.0,1.0,0.0,1.8,4,159
0.0,0.0,0.0,1.0,0.0,1.8,4,196
0.0,0.0,0.0,1.0,0.0,4.0,6,320
0.0,0.0,0.0,1.0,0.0,2.7,4,237
0.0,0.0,0.0,1.0,0.0,3.5,6,191
0.0,0.0,0.0,1.0,0.0,3.5,6,189
0.0,0.0,0.0,1.0,0.0,1.8,4,110
0.0,0.0,0.0,1.0,0.0,1.5,4,108
0.0,0.0,0.0,1.0,0.0,1.8,4,126
0.0,0.0,0.0,1.0,0.0,2.5,4,218
0.0,0.0,0.0,1.0,0.0,5.7,8,384
0.0,0.0,0.0,1.0,0.0,3.5,6,260
0.0,0.0,0.0,1.0,0.0,3.5,6,285
0.0,0.0,0.0,1.0,0.0,2.7,4,251
0.0,0.0,0.0,1.0,0.0,2.7,4,235
0.0,0.0,0.0,1.0,0.0,2.7,4,274
0.0,0.0,0.0,1.0,0.0,2.7,4,271
0.0,0.0,0.0,1.0,0.0,4.0,6,306
0.0,0.0,0.0,1.0,0.0,4.0,6,322
0.0,0.0,0.0,1.0,0.0,4.0,6,310
0.0,0.0,0.0,1.0,0.0,4.6,8,329
0.0,0.0,0.0,1.0,0.0,5.7,8,356
0.0,0.0,0.0,1.0,0.0,4.6,8,347
0.0,0.0,0.0,1.0,0.0,5.7,8,373
0.0,0.0,0.0,1.0,0.0,2.7,4,230
0.0,0.0,0.0,1.0,0.0,1.5,4,168
0.0,0.0,0.0,1.0,0.0,1.5,4,163
0.0,0.0,0.0,1.0,0.0,1.8,4,200
0.0,0.0,0.0,0.0,1.0,2.0,4,216
0.0,0.0,0.0,1.0,0.0,2.5,5,225
0.0,0.0,0.0,1.0,0.0,2.5,5,221
1.0,0.0,0.0,0.0,0.0,2.0,4,200
1.0,0.0,0.0,0.0,0.0,2.0,4,208
0.0,0.0,0.0,1.0,0.0,2.5,5,232
0.0,0.0,0.0,0.0,1.0,2.0,4,223
0.0,0.0,0.0,0.0,1.0,3.6,6,283
0.0,0.0,0.0,1.0,0.0,2.5,5,218
0.0,0.0,0.0,1.0,0.0,2.5,5,216
1.0,0.0,0.0,0.0,0.0,2.0,4,198
1.0,0.0,0.0,0.0,0.0,2.0,4,196
0.0,0.0,0.0,0.0,1.0,2.0,4,207
0.0,0.0,0.0,0.0,1.0,1.4,4,124
0.0,0.0,0.0,1.0,0.0,1.8,4,198
0.0,0.0,0.0,1.0,0.0,2.5,5,223
0.0,0.0,0.0,0.0,1.0,3.6,6,248
1.0,0.0,0.0,0.0,0.0,2.0,4,180
0.0,0.0,0.0,0.0,1.0,3.6,6,296
0.0,0.0,0.0,1.0,0.0,3.0,6,264
0.0,0.0,0.0,1.0,0.0,3.2,6,235
0.0,0.0,0.0,1.0,0.0,3.2,6,258
0.0,0.0,0.0,1.0,0.0,3.0,6,271
0.0,0.0,0.0,1.0,0.0,3.2,6,264
0.0,0.0,0.0,1.0,0.0,3.2,6,260
0.0,0.0,0.0,1.0,0.0,3.2,6,294
0.0,0.0,0.0,0.0,1.0,2.0,4,191
0.0,0.0,0.0,0.0,1.0,2.4,4,214
0.0,0.0,0.0,0.0,1.0,1.5,4,140
0.0,0.0,0.0,0.0,1.0,3.5,6,177
0.0,0.0,0.0,0.0,1.0,2.4,4,191
0.0,0.0,0.0,0.0,1.0,3.5,6,212
0.0,0.0,0.0,0.0,1.0,3.5,6,221
0.0,0.0,0.0,0.0,1.0,6.0,12,327
0.0,0.0,0.0,0.0,1.0,4.7,8,356
0.0,0.0,0.0,0.0,1.0,6.0,12,379
0.0,0.0,0.0,0.0,1.0,6.0,12,340
0.0,0.0,0.0,0.0,1.0,1.8,4,200
1.0,0.0,0.0,0.0,0.0,2.0,4,177
0.0,0.0,0.0,0.0,1.0,2.0,4,198
0.0,0.0,0.0,0.0,1.0,2.0,4,205
0.0,0.0,0.0,0.0,1.0,3.0,6,242
0.0,0.0,0.0,0.0,1.0,4.0,8,246
0.0,0.0,0.0,0.0,1.0,4.0,8,258
0.0,0.0,0.0,0.0,1.0,6.3,12,344
0.0,0.0,0.0,0.0,1.0,3.0,6,306
0.0,0.0,0.0,0.0,1.0,4.2,8,327
0.0,0.0,0.0,0.0,1.0,4.2,8,382
0.0,0.0,0.0,0.0,1.0,5.2,10,377
0.0,0.0,0.0,0.0,1.0,4.2,8,294
0.0,0.0,0.0,0.0,1.0,4.2,8,297
0.0,0.0,0.0,0.0,1.0,4.0,8,313
0.0,0.0,0.0,0.0,1.0,3.0,6,269
0.0,0.0,0.0,0.0,1.0,4.0,8,269
0.0,0.0,0.0,0.0,1.0,4.0,8,307
0.0,0.0,0.0,0.0,1.0,6.0,12,354
0.0,0.0,0.0,0.0,1.0,4.0,8,337
0.0,0.0,0.0,0.0,1.0,6.0,12,368
0.0,0.0,0.0,0.0,1.0,4.0,8,327
0.0,0.0,0.0,0.0,1.0,4.0,8,334
0.0,0.0,0.0,0.0,1.0,6.8,8,419
0.0,0.0,0.0,0.0,1.0,3.0,6,225
0.0,0.0,0.0,0.0,1.0,4.4,8,283
0.0,0.0,0.0,0.0,1.0,4.4,8,294
1.0,0.0,0.0,0.0,0.0,3.0,6,238
0.0,0.0,0.0,0.0,1.0,3.0,6,200
0.0,0.0,0.0,0.0,1.0,3.0,6,216
0.0,0.0,0.0,0.0,1.0,3.0,6,248
0.0,0.0,0.0,0.0,1.0,3.0,6,239
0.0,0.0,0.0,0.0,1.0,3.0,6,271
0.0,0.0,0.0,0.0,1.0,4.4,8,315
1.0,0.0,0.0,0.0,0.0,2.0,4,213
0.0,0.0,0.0,0.0,1.0,4.4,8,336
1.0,0.0,0.0,0.0,0.0,3.0,6,235
0.0,1.0,0.0,0.0,0.0,3.6,6,253
0.0,0.0,0.0,1.0,0.0,2.5,4,214
0.0,0.0,0.0,1.0,0.0,3.6,6,253
0.0,0.0,0.0,1.0,0.0,3.6,6,246
0.0,0.0,0.0,0.0,1.0,2.0,4,244
0.0,0.0,0.0,0.0,1.0,3.6,6,292
0.0,0.0,0.0,0.0,1.0,6.2,8,322
0.0,0.0,0.0,0.0,1.0,6.2,8,317
0.0,0.0,0.0,0.0,1.0,6.2,8,334
0.0,0.0,0.0,1.0,0.0,3.6,6,265
0.0,0.0,0.0,0.0,1.0,6.2,8,357
0.0,0.0,0.0,0.0,1.0,6.2,8,386
0.0,0.0,0.0,1.0,0.0,2.5,4,242
0.0,0.0,0.0,1.0,0.0,2.5,4,248
0.0,0.0,0.0,0.0,1.0,6.2,8,269
0.0,0.0,0.0,0.0,1.0,6.2,8,308
0.0,0.0,0.0,1.0,0.0,1.8,4,186
0.0,1.0,0.0,0.0,0.0,2.4,4,214
0.0,1.0,0.0,0.0,0.0,2.4,4,227
0.0,1.0,0.0,0.0,0.0,6.0,8,414
0.0,0.0,0.0,1.0,0.0,4.8,8,416
0.0,0.0,0.0,1.0,0.0,6.0,8,437
0.0,1.0,0.0,0.0,0.0,6.0,8,418
0.0,0.0,0.0,1.0,0.0,2.5,4,212
0.0,1.0,0.0,0.0,0.0,3.6,6,232
0.0,0.0,0.0,1.0,0.0,4.3,6,274
0.0,1.0,0.0,0.0,0.0,4.3,6,274
0.0,1.0,0.0,0.0,0.0,5.3,8,275
0.0,0.0,0.0,1.0,0.0,4.3,6,288
0.0,1.0,0.0,0.0,0.0,4.3,6,288
0.0,1.0,0.0,0.0,0.0,5.3,8,280
0.0,0.0,0.0,0.0,1.0,6.2,8,327
0.0,0.0,0.0,1.0,0.0,1.2,4,161
0.0,0.0,0.0,1.0,0.0,1.2,4,156
0.0,0.0,0.0,1.0,0.0,5.3,8,306
0.0,1.0,0.0,0.0,0.0,5.3,8,306
0.0,1.0,0.0,0.0,0.0,5.3,8,282
0.0,0.0,0.0,1.0,0.0,1.4,4,189
0.0,1.0,0.0,0.0,0.0,2.4,4,181
0.0,1.0,0.0,0.0,0.0,3.6,6,218
0.0,1.0,0.0,0.0,0.0,3.6,6,226
0.0,0.0,0.0,1.0,0.0,5.7,8,283
0.0,0.0,0.0,0.0,1.0,6.4,8,297
0.0,0.0,0.0,1.0,0.0,5.7,8,297
0.0,1.0,0.0,0.0,0.0,2.0,4,184
0.0,0.0,0.0,1.0,0.0,5.7,8,338
0.0,1.0,0.0,0.0,0.0,3.6,6,262
0.0,0.0,0.0,0.0,1.0,8.4,10,363
0.0,0.0,0.0,1.0,0.0,1.4,4,198
0.0,0.0,0.0,1.0,0.0,1.4,4,216
0.0,0.0,0.0,1.0,0.0,2.0,4,237
0.0,0.0,0.0,1.0,0.0,2.7,6,274
0.0,0.0,0.0,1.0,0.0,3.5,6,327
0.0,0.0,0.0,1.0,0.0,3.5,6,331
0.0,0.0,0.0,1.0,0.0,2.0,4,239
0.0,1.0,0.0,0.0,0.0,3.5,6,258
0.0,1.0,0.0,0.0,0.0,3.5,6,270
0.0,0.0,0.0,1.0,0.0,2.7,6,248
0.0,0.0,0.0,1.0,0.0,5.0,8,306
0.0,1.0,0.0,0.0,0.0,5.0,8,286
0.0,0.0,0.0,1.0,0.0,2.7,6,276
0.0,1.0,0.0,0.0,0.0,3.5,6,269
0.0,0.0,0.0,1.0,0.0,5.0,8,320
0.0,1.0,0.0,0.0,0.0,5.0,8,299
0.0,0.0,0.0,1.0,0.0,1.0,3,152
0.0,0.0,0.0,1.0,0.0,1.6,4,170
0.0,0.0,0.0,1.0,0.0,3.5,6,267
0.0,0.0,0.0,1.0,0.0,1.0,3,163
0.0,1.0,0.0,0.0,0.0,2.0,4,166
0.0,1.0,0.0,0.0,0.0,2.0,4,174
0.0,0.0,0.0,1.0,0.0,1.5,4,193
0.0,0.0,0.0,1.0,0.0,1.5,4,184
0.0,0.0,0.0,1.0,0.0,2.3,4,216
0.0,0.0,0.0,1.0,0.0,2.3,4,212
0.0,0.0,0.0,1.0,0.0,3.7,6,246
0.0,0.0,0.0,1.0,0.0,3.7,6,258
0.0,0.0,0.0,1.0,0.0,5.0,8,285
0.0,0.0,0.0,1.0,0.0,5.0,8,288
0.0,0.0,0.0,1.0,0.0,2.3,4,228
0.0,0.0,0.0,1.0,0.0,5.0,8,299
0.0,0.0,0.0,1.0,0.0,3.5,6,338
0.0,0.0,0.0,1.0,0.0,3.7,6,340
0.0,1.0,0.0,0.0,0.0,3.7,6,315
0.0,0.0,0.0,1.0,0.0,3.5,6,239
0.0,1.0,0.0,0.0,0.0,3.5,6,235
0.0,0.0,0.0,1.0,0.0,2.5,4,235
0.0,0.0,0.0,1.0,0.0,2.4,4,179
0.0,0.0,0.0,1.0,0.0,2.4,4,184
0.0,0.0,0.0,1.0,0.0,3.5,6,219
0.0,0.0,0.0,1.0,0.0,2.0,4,115
0.0,0.0,0.0,0.0,1.0,2.4,4,216
0.0,0.0,0.0,1.0,0.0,1.5,4,120
0.0,0.0,0.0,1.0,0.0,2.4,4,191
0.0,0.0,0.0,1.0,0.0,1.5,4,147
0.0,0.0,0.0,1.0,0.0,1.5,4,156
0.0,0.0,0.0,1.0,0.0,1.8,4,172
0.0,0.0,0.0,1.0,0.0,3.8,6,278
0.0,0.0,0.0,0.0,1.0,5.0,8,327
0.0,0.0,0.0,0.0,1.0,3.8,6,283
0.0,0.0,0.0,0.0,1.0,3.8,6,285
0.0,0.0,0.0,1.0,0.0,3.3,6,260
0.0,0.0,0.0,1.0,0.0,3.3,6,264
0.0,0.0,0.0,1.0,0.0,3.3,6,287
0.0,0.0,0.0,1.0,0.0,2.4,4,193
0.0,0.0,0.0,0.0,1.0,3.7,6,237
0.0,0.0,0.0,0.0,1.0,3.7,6,246
0.0,0.0,0.0,0.0,1.0,5.6,8,285
0.0,0.0,0.0,0.0,1.0,5.6,8,297
0.0,0.0,0.0,0.0,1.0,3.7,6,274
0.0,0.0,0.0,0.0,1.0,3.5,6,246
0.0,0.0,0.0,1.0,0.0,2.5,4,200
0.0,0.0,0.0,0.0,1.0,5.6,8,338
0.0,0.0,0.0,0.0,1.0,3.0,6,288
0.0,0.0,0.0,0.0,1.0,5.0,8,313
0.0,0.0,0.0,0.0,1.0,5.0,8,308
0.0,1.0,0.0,0.0,0.0,2.4,4,206
0.0,0.0,0.0,1.0,0.0,3.2,6,228
0.0,1.0,0.0,0.0,0.0,2.4,4,219
0.0,0.0,0.0,1.0,0.0,3.2,6,251
0.0,0.0,0.0,1.0,0.0,2.4,4,214
0.0,0.0,0.0,1.0,0.0,2.4,4,223
0.0,0.0,0.0,1.0,0.0,1.4,4,202
0.0,1.0,0.0,0.0,0.0,2.4,4,195
0.0,0.0,0.0,1.0,0.0,3.3,6,246
0.0,0.0,0.0,1.0,0.0,3.8,6,260
0.0,0.0,0.0,1.0,0.0,3.3,6,288
0.0,0.0,0.0,1.0,0.0,2.4,4,239
0.0,0.0,0.0,1.0,0.0,3.3,6,255
0.0,0.0,0.0,1.0,0.0,2.0,4,260
0.0,0.0,0.0,0.0,1.0,6.5,12,412
0.0,0.0,0.0,0.0,1.0,6.5,12,453
0.0,0.0,0.0,0.0,1.0,5.2,10,334
0.0,0.0,0.0,0.0,1.0,6.5,12,423
0.0,0.0,0.0,0.0,1.0,3.0,6,329
0.0,0.0,0.0,1.0,0.0,1.8,4,131
0.0,0.0,0.0,1.0,0.0,2.5,4,136
0.0,0.0,0.0,0.0,1.0,2.5,6,221
0.0,0.0,0.0,0.0,1.0,5.0,8,264
0.0,0.0,0.0,0.0,1.0,5.7,8,382
0.0,0.0,0.0,1.0,0.0,2.0,4,251
0.0,0.0,0.0,1.0,0.0,2.3,4,258
0.0,0.0,0.0,1.0,0.0,3.7,6,278
0.0,0.0,0.0,1.0,0.0,2.0,4,133
0.0,0.0,0.0,0.0,1.0,3.0,6,294
0.0,0.0,0.0,0.0,1.0,3.0,6,299
0.0,0.0,0.0,1.0,0.0,3.7,6,292
0.0,0.0,0.0,1.0,0.0,2.5,4,166
0.0,0.0,0.0,0.0,1.0,6.2,8,354
0.0,0.0,0.0,0.0,1.0,2.0,4,186
0.0,0.0,0.0,0.0,1.0,4.7,8,288
1.0,0.0,0.0,0.0,0.0,2.1,4,200
0.0,0.0,0.0,0.0,1.0,3.5,6,248
0.0,0.0,0.0,0.0,1.0,5.5,8,306
0.0,0.0,0.0,0.0,1.0,5.5,8,426
0.0,0.0,0.0,0.0,1.0,3.0,6,322
0.0,0.0,0.0,0.0,1.0,5.5,8,375
0.0,0.0,0.0,0.0,1.0,3.5,6,258
0.0,0.0,0.0,0.0,1.0,3.0,6,276
0.0,0.0,0.0,0.0,1.0,5.5,8,359
0.0,0.0,0.0,0.0,1.0,4.7,6,248
0.0,0.0,0.0,0.0,1.0,4.7,8,283
0.0,0.0,0.0,0.0,1.0,4.7,8,281
0.0,0.0,0.0,0.0,1.0,6.0,12,343
0.0,0.0,0.0,0.0,1.0,6.0,12,357
0.0,0.0,0.0,0.0,1.0,6.0,12,345
0.0,0.0,0.0,0.0,1.0,4.7,8,274
0.0,0.0,0.0,0.0,1.0,5.5,8,285
0.0,0.0,0.0,0.0,1.0,5.5,8,244
0.0,0.0,0.0,0.0,1.0,6.2,8,359
0.0,0.0,0.0,0.0,1.0,1.5,3,172
0.0,0.0,0.0,0.0,1.0,1.5,3,163
0.0,0.0,0.0,0.0,1.0,1.5,3,166
0.0,0.0,0.0,0.0,1.0,1.6,4,177
0.0,0.0,0.0,0.0,1.0,1.6,4,172
0.0,0.0,0.0,0.0,1.0,2.0,4,189
0.0,0.0,0.0,1.0,0.0,2.4,4,219
0.0,0.0,0.0,1.0,0.0,1.2,3,136
0.0,0.0,0.0,1.0,0.0,2.4,4,221
0.0,0.0,0.0,1.0,0.0,3.5,6,207
0.0,0.0,0.0,1.0,0.0,5.6,8,382
0.0,0.0,0.0,0.0,1.0,3.8,6,290
0.0,0.0,0.0,1.0,0.0,1.6,4,182
0.0,0.0,0.0,1.0,0.0,1.6,4,189
0.0,0.0,0.0,0.0,1.0,1.6,4,202
0.0,0.0,0.0,1.0,0.0,1.6,4,179
0.0,0.0,0.0,1.0,0.0,3.5,6,225
0.0,0.0,0.0,1.0,0.0,3.5,6,228
0.0,0.0,0.0,1.0,0.0,3.5,6,242
0.0,0.0,0.0,1.0,0.0,5.6,8,370
0.0,0.0,0.0,1.0,0.0,5.6,8,396
0.0,0.0,0.0,1.0,0.0,1.6,4,156
0.0,0.0,0.0,1.0,0.0,4.0,6,331
0.0,0.0,0.0,0.0,1.0,3.4,6,244
0.0,0.0,0.0,0.0,1.0,3.4,6,235
0.0,0.0,0.0,0.0,1.0,3.4,6,251
0.0,0.0,0.0,0.0,1.0,3.8,6,255
0.0,0.0,0.0,0.0,1.0,3.8,6,260
0.0,0.0,0.0,0.0,1.0,3.8,6,262
0.0,0.0,0.0,0.0,1.0,3.8,6,267
0.0,0.0,0.0,0.0,1.0,3.8,6,242
0.0,0.0,0.0,0.0,1.0,3.4,6,248
0.0,0.0,0.0,0.0,1.0,3.4,6,255
0.0,0.0,0.0,0.0,1.0,3.4,6,218
0.0,0.0,0.0,0.0,1.0,3.6,6,286
0.0,0.0,0.0,0.0,1.0,4.8,8,327
1.0,0.0,0.0,0.0,0.0,3.0,6,273
1.0,0.0,0.0,0.0,0.0,3.0,6,265
0.0,0.0,0.0,0.0,1.0,6.6,12,370
0.0,0.0,0.0,0.0,1.0,6.7,12,396
0.0,0.0,0.0,1.0,0.0,1.3,4,147
0.0,0.0,0.0,0.0,1.0,1.0,3,150
0.0,0.0,0.0,1.0,0.0,2.0,4,175
0.0,0.0,0.0,1.0,0.0,2.5,4,182
0.0,0.0,0.0,0.0,1.0,2.0,4,255
0.0,0.0,0.0,0.0,1.0,2.5,4,281
0.0,0.0,0.0,1.0,0.0,2.0,4,173
0.0,0.0,0.0,1.0,0.0,4.0,6,294
0.0,0.0,0.0,1.0,0.0,2.5,4,193
0.0,0.0,0.0,1.0,0.0,3.5,6,218
0.0,0.0,0.0,1.0,0.0,2.7,4,246
0.0,0.0,0.0,1.0,0.0,3.5,6,196
0.0,0.0,0.0,1.0,0.0,3.5,6,193
0.0,0.0,0.0,1.0,0.0,1.8,4,108
0.0,0.0,0.0,1.0,0.0,1.5,4,110
0.0,0.0,0.0,1.0,0.0,5.7,8,382
0.0,0.0,0.0,1.0,0.0,3.5,6,262
0.0,0.0,0.0,1.0,0.0,2.7,4,258
0.0,0.0,0.0,1.0,0.0,2.7,4,242
0.0,0.0,0.0,1.0,0.0,2.7,4,283
0.0,0.0,0.0,1.0,0.0,4.0,6,308
0.0,0.0,0.0,1.0,0.0,5.7,8,350
0.0,0.0,0.0,1.0,0.0,2.7,4,239
1.0,0.0,0.0,0.0,0.0,2.0,4,183
1.0,0.0,0.0,0.0,0.0,2.0,4,184
0.0,0.0,0.0,0.0,1.0,3.6,6,271
0.0,0.0,0.0,0.0,1.0,2.0,4,219
1.0,0.0,0.0,0.0,0.0,2.0,4,178
0.0,0.0,0.0,1.0,0.0,1.8,4,193
1.0,0.0,0.0,0.0,0.0,2.0,4,179
1.0,0.0,0.0,0.0,0.0,2.0,4,175
1.0,0.0,0.0,0.0,0.0,2.0,4,176
0.0,0.0,0.0,0.0,1.0,1.4,4,122
1.0,0.0,0.0,0.0,0.0,2.0,4,185
1.0,0.0,0.0,0.0,0.0,2.0,4,182
0.0,0.0,0.0,0.0,1.0,3.6,6,239
0.0,0.0,0.0,0.0,1.0,2.0,4,258
0.0,0.0,0.0,1.0,0.0,3.0,6,258
0.0,0.0,0.0,1.0,0.0,2.5,5,237
0.0,0.0,0.0,1.0,0.0,2.5,5,262
0.0,0.0,0.0,1.0,0.0,3.0,6,274
0.0,0.0,0.0,0.0,1.0,2.4,4,189
0.0,0.0,0.0,0.0,1.0,3.5,6,254
0.0,0.0,0.0,0.0,1.0,3.5,6,249
0.0,0.0,0.0,0.0,1.0,3.5,6,180
0.0,0.0,0.0,0.0,1.0,2.4,4,196
0.0,0.0,0.0,0.0,1.0,3.5,6,226
0.0,0.0,0.0,0.0,1.0,1.8,4,197
0.0,0.0,0.0,0.0,1.0,5.9,12,365
0.0,0.0,0.0,0.0,1.0,6.0,12,332
0.0,0.0,0.0,0.0,1.0,6.0,12,346
0.0,0.0,0.0,0.0,1.0,4.7,8,343
0.0,0.0,0.0,0.0,1.0,4.7,8,362
0.0,0.0,0.0,0.0,1.0,6.0,12,390
0.0,0.0,0.0,1.0,0.0,1.8,4,204
0.0,0.0,0.0,1.0,0.0,2.0,4,201
0.0,0.0,0.0,1.0,0.0,2.0,4,208
0.0,0.0,0.0,0.0,1.0,2.0,4,224
0.0,0.0,0.0,0.0,1.0,2.0,4,211
0.0,0.0,0.0,0.0,1.0,3.0,6,247
0.0,0.0,0.0,0.0,1.0,4.0,8,249
0.0,0.0,0.0,0.0,1.0,4.0,8,255
0.0,0.0,0.0,0.0,1.0,2.0,4,240
0.0,0.0,0.0,0.0,1.0,3.0,6,257
0.0,0.0,0.0,0.0,1.0,3.0,6,273
0.0,0.0,0.0,0.0,1.0,3.0,6,266
0.0,0.0,0.0,0.0,1.0,4.0,8,263
0.0,0.0,0.0,0.0,1.0,2.0,4,222
0.0,0.0,0.0,0.0,1.0,6.0,12,360
0.0,0.0,0.0,0.0,1.0,6.0,12,375
0.0,0.0,0.0,0.0,1.0,6.8,8,408
0.0,0.0,0.0,0.0,1.0,2.0,4,197
0.0,0.0,0.0,0.0,1.0,3.0,6,238
0.0,0.0,0.0,0.0,1.0,3.0,6,217
0.0,0.0,0.0,0.0,1.0,3.0,6,231
0.0,0.0,0.0,0.0,1.0,3.0,6,241
0.0,0.0,0.0,0.0,1.0,2.0,4,210
1.0,0.0,0.0,0.0,0.0,3.0,6,212
0.0,0.0,0.0,0.0,1.0,3.0,6,263
0.0,0.0,0.0,0.0,1.0,4.4,8,288
0.0,0.0,0.0,0.0,1.0,3.0,6,219
0.0,0.0,0.0,0.0,1.0,3.0,6,245
0.0,0.0,0.0,0.0,1.0,3.0,6,284
0.0,0.0,0.0,0.0,1.0,3.0,6,282
0.0,0.0,0.0,0.0,1.0,4.4,8,344
0.0,0.0,0.0,0.0,1.0,4.4,8,321
0.0,0.0,0.0,0.0,1.0,2.0,4,215
1.0,0.0,0.0,0.0,0.0,2.0,4,211
0.0,0.0,0.0,0.0,1.0,2.0,4,231
0.0,0.0,0.0,0.0,1.0,2.0,4,238
0.0,0.0,0.0,0.0,1.0,4.4,8,343
1.0,0.0,0.0,0.0,0.0,3.0,6,233
0.0,0.0,0.0,0.0,1.0,4.4,8,322
0.0,0.0,0.0,1.0,0.0,3.6,6,315
0.0,0.0,0.0,1.0,0.0,3.6,6,323
0.0,0.0,0.0,1.0,0.0,1.4,4,199
0.0,0.0,0.0,1.0,0.0,1.4,4,215
0.0,0.0,0.0,1.0,0.0,1.4,4,192
0.0,0.0,0.0,1.0,0.0,3.6,6,268
0.0,1.0,0.0,0.0,0.0,3.6,6,260
0.0,1.0,0.0,0.0,0.0,3.6,6,263
0.0,0.0,0.0,0.0,1.0,2.0,4,252
0.0,0.0,0.0,1.0,0.0,2.4,4,224
0.0,0.0,0.0,1.0,0.0,3.6,6,233
0.0,0.0,0.0,1.0,0.0,3.6,6,247
0.0,0.0,0.0,0.0,1.0,3.6,6,293
0.0,0.0,0.0,0.0,1.0,3.6,6,289
0.0,0.0,0.0,1.0,0.0,3.6,6,257
0.0,0.0,0.0,0.0,1.0,2.0,4,229
0.0,0.0,0.0,0.0,1.0,6.2,8,332
0.0,0.0,0.0,0.0,1.0,6.2,8,325
0.0,0.0,0.0,1.0,0.0,3.6,6,287
0.0,0.0,0.0,1.0,0.0,3.6,6,300
0.0,0.0,0.0,1.0,0.0,3.6,6,263
0.0,0.0,0.0,1.0,0.0,3.6,6,273
0.0,0.0,0.0,0.0,1.0,3.6,6,302
0.0,0.0,0.0,1.0,0.0,3.6,6,261
0.0,0.0,0.0,0.0,1.0,6.2,8,272
0.0,0.0,0.0,0.0,1.0,6.2,8,284
0.0,0.0,0.0,1.0,0.0,2.0,4,220
0.0,0.0,0.0,1.0,0.0,2.5,4,247
0.0,0.0,0.0,1.0,0.0,2.5,4,253
1.0,0.0,0.0,0.0,0.0,2.8,4,252
0.0,0.0,0.0,1.0,0.0,2.5,4,265
1.0,0.0,0.0,0.0,0.0,2.8,4,277
0.0,0.0,0.0,1.0,0.0,3.6,6,279
0.0,0.0,0.0,0.0,1.0,6.2,8,275
0.0,0.0,0.0,0.0,1.0,6.2,8,263
0.0,0.0,0.0,0.0,1.0,6.2,8,335
0.0,0.0,0.0,0.0,1.0,6.2,8,313
0.0,0.0,0.0,1.0,0.0,1.4,4,159
0.0,0.0,0.0,1.0,0.0,1.4,4,167
0.0,0.0,0.0,1.0,0.0,1.4,4,160
0.0,0.0,0.0,1.0,0.0,1.8,4,207
0.0,0.0,0.0,1.0,0.0,1.8,4,190
0.0,0.0,0.0,1.0,0.0,1.4,4,181
0.0,1.0,0.0,0.0,0.0,2.4,4,221
0.0,1.0,0.0,0.0,0.0,2.4,4,236
0.0,0.0,0.0,1.0,0.0,6.0,8,441
0.0,0.0,0.0,1.0,0.0,6.0,8,465
0.0,0.0,0.0,1.0,0.0,2.5,4,215
0.0,1.0,0.0,0.0,0.0,3.6,6,239
0.0,0.0,0.0,1.0,0.0,3.6,6,272
0.0,0.0,1.0,0.0,0.0,3.6,6,213
0.0,0.0,0.0,1.0,0.0,1.5,4,179
0.0,0.0,0.0,1.0,0.0,1.8,4,122
0.0,0.0,0.0,1.0,0.0,5.3,8,298
0.0,0.0,0.0,0.0,1.0,6.2,8,328
0.0,0.0,0.0,1.0,0.0,4.3,6,280
0.0,1.0,0.0,0.0,0.0,4.3,6,284
0.0,1.0,0.0,0.0,0.0,5.3,8,286
0.0,0.0,0.0,1.0,0.0,5.3,8,307
0.0,0.0,0.0,1.0,0.0,4.3,6,296
0.0,1.0,0.0,0.0,0.0,4.3,6,301
0.0,1.0,0.0,0.0,0.0,5.3,8,295
0.0,0.0,0.0,1.0,0.0,5.3,8,304
0.0,0.0,0.0,1.0,0.0,1.4,4,188
0.0,0.0,0.0,1.0,0.0,1.4,4,175
0.0,0.0,0.0,1.0,0.0,1.8,4,195
0.0,0.0,0.0,1.0,0.0,1.8,4,187
0.0,0.0,0.0,1.0,0.0,1.4,4,195
0.0,0.0,0.0,1.0,0.0,1.4,4,157
0.0,0.0,0.0,1.0,0.0,1.4,4,162
0.0,1.0,0.0,0.0,0.0,5.3,8,288
0.0,0.0,0.0,1.0,0.0,5.3,8,312
0.0,1.0,0.0,0.0,0.0,5.3,8,317
0.0,0.0,0.0,1.0,0.0,5.3,8,310
0.0,1.0,0.0,0.0,0.0,5.3,8,300
0.0,0.0,0.0,1.0,0.0,1.4,4,190
0.0,0.0,0.0,1.0,0.0,1.4,4,205
0.0,1.0,0.0,0.0,0.0,2.4,4,186
0.0,0.0,0.0,1.0,0.0,3.6,6,239
0.0,1.0,0.0,0.0,0.0,3.6,6,225
0.0,0.0,0.0,1.0,0.0,3.6,6,250
0.0,0.0,0.0,1.0,0.0,3.6,6,240
0.0,0.0,0.0,1.0,0.0,5.7,8,289
0.0,1.0,0.0,0.0,0.0,3.6,6,243
0.0,0.0,0.0,1.0,0.0,3.6,6,282
0.0,1.0,0.0,0.0,0.0,3.6,6,279
0.0,0.0,0.0,1.0,0.0,5.7,8,307
0.0,0.0,0.0,0.0,1.0,6.4,8,326
0.0,0.0,0.0,0.0,1.0,6.4,8,302
0.0,0.0,0.0,0.0,1.0,6.2,8,339
0.0,0.0,0.0,0.0,1.0,6.2,8,353
0.0,0.0,0.0,1.0,0.0,5.7,8,302
0.0,0.0,0.0,1.0,0.0,2.4,4,205
0.0,1.0,0.0,0.0,0.0,2.0,4,187
0.0,0.0,0.0,1.0,0.0,2.4,4,215
0.0,0.0,0.0,1.0,0.0,2.4,4,207
0.0,0.0,0.0,1.0,0.0,1.4,4,171
0.0,0.0,0.0,1.0,0.0,5.7,8,329
0.0,1.0,0.0,0.0,0.0,3.6,6,270
0.0,0.0,0.0,1.0,0.0,3.6,6,292
0.0,0.0,0.0,0.0,1.0,8.4,10,364
0.0,0.0,0.0,1.0,0.0,1.4,4,183
0.0,0.0,0.0,1.0,0.0,1.4,4,218
0.0,0.0,0.0,1.0,0.0,1.4,4,203
0.0,0.0,0.0,1.0,0.0,1.4,4,194
0.0,0.0,0.0,1.0,0.0,2.4,4,217
0.0,0.0,0.0,1.0,0.0,2.0,4,140
0.0,0.0,0.0,1.0,0.0,2.0,4,231
0.0,0.0,0.0,1.0,0.0,3.5,6,268
0.0,0.0,0.0,1.0,0.0,2.0,4,240
0.0,0.0,0.0,1.0,0.0,2.7,6,278
0.0,0.0,0.0,1.0,0.0,1.6,4,208
0.0,0.0,0.0,1.0,0.0,2.0,4,224
0.0,0.0,0.0,1.0,0.0,2.5,4,220
0.0,0.0,0.0,1.0,0.0,1.6,4,220
0.0,0.0,0.0,1.0,0.0,2.0,4,236
0.0,0.0,0.0,1.0,0.0,3.5,6,334
0.0,0.0,0.0,1.0,0.0,2.3,4,253
0.0,0.0,0.0,1.0,0.0,3.5,6,280
0.0,1.0,0.0,0.0,0.0,3.5,6,264
0.0,0.0,0.0,1.0,0.0,2.3,4,265
0.0,0.0,0.0,1.0,0.0,3.5,6,305
0.0,0.0,0.0,1.0,0.0,3.5,6,295
0.0,1.0,0.0,0.0,0.0,3.5,6,282
0.0,0.0,0.0,1.0,0.0,2.7,6,256
0.0,0.0,0.0,1.0,0.0,2.7,6,263
0.0,0.0,0.0,1.0,0.0,3.5,6,303
0.0,0.0,0.0,1.0,0.0,3.5,6,272
0.0,1.0,0.0,0.0,0.0,3.5,6,261
0.0,0.0,0.0,1.0,0.0,5.0,8,309
0.0,1.0,0.0,0.0,0.0,5.0,8,292
0.0,0.0,0.0,1.0,0.0,5.0,8,341
0.0,1.0,0.0,0.0,0.0,5.0,8,293
0.0,0.0,0.0,1.0,0.0,2.7,6,275
0.0,0.0,0.0,1.0,0.0,2.7,6,288
0.0,0.0,0.0,1.0,0.0,3.5,6,324
0.0,1.0,0.0,0.0,0.0,3.5,6,278
0.0,0.0,0.0,1.0,0.0,5.0,8,324
0.0,1.0,0.0,0.0,0.0,5.0,8,306
0.0,0.0,0.0,1.0,0.0,5.0,8,347
0.0,1.0,0.0,0.0,0.0,5.0,8,310
0.0,0.0,0.0,1.0,0.0,1.6,4,180
0.0,0.0,0.0,1.0,0.0,1.0,3,153
0.0,0.0,0.0,1.0,0.0,1.6,4,191
0.0,0.0,0.0,1.0,0.0,3.5,6,298
0.0,0.0,0.0,1.0,0.0,3.5,6,322
0.0,0.0,0.0,1.0,0.0,1.0,3,171
0.0,0.0,0.0,1.0,0.0,1.0,3,160
0.0,0.0,0.0,1.0,0.0,2.0,4,178
0.0,0.0,0.0,1.0,0.0,2.0,4,183
0.0,1.0,0.0,0.0,0.0,2.0,4,175
0.0,0.0,0.0,1.0,0.0,2.0,4,188
0.0,1.0,0.0,0.0,0.0,2.0,4,179
0.0,0.0,0.0,0.0,1.0,2.3,4,255
0.0,0.0,0.0,1.0,0.0,2.0,4,217
0.0,0.0,0.0,1.0,0.0,1.5,4,197
0.0,0.0,0.0,1.0,0.0,1.5,4,188
0.0,0.0,0.0,1.0,0.0,2.0,4,210
0.0,0.0,0.0,1.0,0.0,2.5,4,209
0.0,0.0,0.0,1.0,0.0,2.0,4,130
0.0,0.0,0.0,1.0,0.0,2.3,4,219
0.0,0.0,0.0,1.0,0.0,2.3,4,217
0.0,0.0,0.0,1.0,0.0,3.7,6,253
0.0,0.0,0.0,1.0,0.0,3.7,6,264
0.0,0.0,0.0,1.0,0.0,5.0,8,298
0.0,0.0,0.0,1.0,0.0,2.3,4,234
0.0,0.0,0.0,1.0,0.0,5.0,8,304
0.0,0.0,0.0,0.0,1.0,5.2,8,334
0.0,0.0,0.0,1.0,0.0,3.5,6,342
0.0,0.0,0.0,1.0,0.0,3.7,6,356
0.0,1.0,0.0,0.0,0.0,3.7,6,345
0.0,1.0,0.0,0.0,0.0,3.5,6,248
0.0,0.0,0.0,1.0,0.0,3.5,6,293
0.0,0.0,0.0,1.0,0.0,3.5,6,291
0.0,1.0,0.0,0.0,0.0,3.5,6,271
0.0,0.0,0.0,1.0,0.0,2.5,4,243
0.0,1.0,0.0,0.0,0.0,2.5,4,233
0.0,0.0,0.0,1.0,0.0,2.5,4,252
0.0,1.0,0.0,0.0,0.0,2.5,4,240
0.0,0.0,0.0,0.0,1.0,6.2,8,323
0.0,0.0,0.0,1.0,0.0,3.5,6,223
0.0,0.0,0.0,1.0,0.0,2.4,4,177
0.0,0.0,0.0,1.0,0.0,2.4,4,187
0.0,0.0,0.0,1.0,0.0,1.5,4,155
0.0,0.0,0.0,1.0,0.0,2.0,4,162
0.0,0.0,0.0,1.0,0.0,1.5,4,157
0.0,0.0,0.0,1.0,0.0,2.0,4,176
0.0,0.0,0.0,1.0,0.0,1.5,4,169
0.0,0.0,0.0,1.0,0.0,1.5,4,150
0.0,0.0,0.0,1.0,0.0,1.5,4,158
0.0,0.0,0.0,1.0,0.0,1.5,4,171
0.0,0.0,0.0,1.0,0.0,3.5,6,250
0.0,0.0,0.0,1.0,0.0,3.5,6,257
0.0,0.0,0.0,1.0,0.0,1.6,4,176
0.0,0.0,0.0,1.0,0.0,1.8,4,176
0.0,0.0,0.0,1.0,0.0,1.8,4,180
0.0,0.0,0.0,1.0,0.0,2.0,4,194
0.0,0.0,0.0,1.0,0.0,2.0,4,203
0.0,0.0,0.0,0.0,1.0,5.0,8,312
0.0,0.0,0.0,1.0,0.0,3.8,6,285
0.0,0.0,0.0,0.0,1.0,5.0,8,332
0.0,0.0,0.0,0.0,1.0,3.8,6,284
0.0,0.0,0.0,1.0,0.0,3.3,6,265
0.0,0.0,0.0,1.0,0.0,3.3,6,269
0.0,0.0,0.0,1.0,0.0,2.0,4,266
0.0,0.0,0.0,1.0,0.0,2.4,4,257
0.0,0.0,0.0,1.0,0.0,3.3,6,295
0.0,0.0,0.0,1.0,0.0,2.4,4,204
0.0,0.0,0.0,1.0,0.0,2.0,4,136
0.0,0.0,0.0,1.0,0.0,2.0,4,211
0.0,0.0,0.0,1.0,0.0,1.6,4,219
0.0,0.0,0.0,1.0,0.0,1.6,4,197
0.0,0.0,0.0,0.0,1.0,2.0,4,226
0.0,0.0,0.0,0.0,1.0,3.0,6,249
0.0,0.0,0.0,0.0,1.0,3.0,6,256
0.0,0.0,0.0,0.0,1.0,3.5,6,181
0.0,0.0,0.0,0.0,1.0,3.5,6,193
0.0,0.0,0.0,0.0,1.0,5.6,8,300
0.0,0.0,0.0,0.0,1.0,3.7,6,279
0.0,0.0,0.0,0.0,1.0,3.5,6,252
0.0,0.0,0.0,1.0,0.0,2.5,4,204
0.0,0.0,0.0,0.0,1.0,3.7,6,301
0.0,0.0,0.0,0.0,1.0,5.6,8,354
0.0,0.0,0.0,0.0,1.0,3.0,6,296
0.0,0.0,0.0,0.0,1.0,5.0,8,302
0.0,0.0,0.0,0.0,1.0,5.0,8,311
0.0,0.0,0.0,0.0,1.0,3.0,6,254
0.0,0.0,0.0,0.0,1.0,3.0,6,302
0.0,0.0,0.0,0.0,1.0,3.0,6,275
0.0,0.0,0.0,0.0,1.0,3.0,6,279
0.0,1.0,0.0,0.0,0.0,2.4,4,213
0.0,0.0,0.0,1.0,0.0,3.2,6,233
0.0,0.0,0.0,1.0,0.0,2.4,4,233
0.0,1.0,0.0,0.0,0.0,2.4,4,226
0.0,0.0,0.0,1.0,0.0,3.2,6,240
0.0,0.0,0.0,1.0,0.0,2.4,4,238
0.0,0.0,0.0,1.0,0.0,3.2,6,256
0.0,0.0,0.0,1.0,0.0,2.0,4,234
0.0,0.0,0.0,1.0,0.0,2.4,4,248
0.0,0.0,0.0,1.0,0.0,2.4,4,259
0.0,0.0,0.0,0.0,1.0,6.4,8,370
0.0,0.0,0.0,1.0,0.0,2.4,4,220
0.0,1.0,0.0,0.0,0.0,2.4,4,201
0.0,0.0,0.0,1.0,0.0,2.4,4,229
0.0,0.0,0.0,1.0,0.0,3.6,6,299
0.0,0.0,0.0,1.0,0.0,3.6,6,314
0.0,0.0,0.0,1.0,0.0,3.6,6,312
0.0,0.0,0.0,1.0,0.0,1.6,4,228
0.0,0.0,0.0,1.0,0.0,1.6,4,227
0.0,0.0,0.0,1.0,0.0,2.0,4,199
0.0,0.0,0.0,1.0,0.0,2.0,4,197
0.0,0.0,0.0,1.0,0.0,1.6,4,222
0.0,0.0,0.0,1.0,0.0,2.0,4,206
0.0,0.0,0.0,1.0,0.0,5.0,8,318
0.0,0.0,0.0,1.0,0.0,2.0,4,222
0.0,0.0,0.0,1.0,0.0,2.4,4,150
0.0,0.0,0.0,1.0,0.0,1.6,4,178
0.0,0.0,0.0,1.0,0.0,3.3,6,275
0.0,0.0,0.0,1.0,0.0,3.3,6,296
0.0,0.0,0.0,1.0,0.0,2.0,4,245
0.0,0.0,0.0,1.0,0.0,2.0,4,259
0.0,0.0,0.0,1.0,0.0,2.4,4,245
0.0,0.0,0.0,1.0,0.0,1.6,4,206
0.0,0.0,0.0,1.0,0.0,2.4,4,231
0.0,0.0,0.0,1.0,0.0,2.4,4,261
0.0,0.0,0.0,1.0,0.0,2.0,4,261
0.0,0.0,0.0,0.0,1.0,6.5,12,420
0.0,0.0,0.0,0.0,1.0,6.5,12,452
0.0,0.0,0.0,0.0,1.0,5.2,10,331
0.0,0.0,0.0,0.0,1.0,5.2,10,340
0.0,0.0,0.0,0.0,1.0,3.0,6,336
0.0,0.0,0.0,0.0,1.0,3.0,6,291
1.0,0.0,0.0,0.0,0.0,3.0,6,254
0.0,0.0,0.0,0.0,1.0,5.0,8,356
0.0,0.0,0.0,0.0,1.0,5.0,8,344
0.0,0.0,0.0,1.0,0.0,1.8,4,132
0.0,0.0,0.0,1.0,0.0,2.5,4,139
0.0,0.0,0.0,0.0,1.0,2.0,4,227
0.0,0.0,0.0,0.0,1.0,3.5,6,237
0.0,0.0,0.0,0.0,1.0,5.0,8,293
0.0,0.0,0.0,0.0,1.0,4.6,8,322
0.0,0.0,0.0,0.0,1.0,4.6,8,286
0.0,0.0,0.0,0.0,1.0,4.6,8,303
0.0,0.0,0.0,0.0,1.0,5.0,8,268
0.0,0.0,0.0,0.0,1.0,5.7,8,371
0.0,0.0,0.0,1.0,0.0,2.5,4,172
0.0,0.0,0.0,0.0,1.0,5.0,8,289
0.0,0.0,0.0,0.0,1.0,3.5,6,186
0.0,0.0,0.0,1.0,0.0,2.0,4,256
0.0,0.0,0.0,1.0,0.0,2.3,4,261
0.0,0.0,0.0,1.0,0.0,3.7,6,287
0.0,0.0,0.0,1.0,0.0,2.0,4,268
0.0,0.0,0.0,1.0,0.0,3.7,6,298
0.0,0.0,0.0,1.0,0.0,2.7,6,283
0.0,0.0,0.0,1.0,0.0,3.7,6,293
0.0,0.0,0.0,1.0,0.0,3.7,6,257
0.0,0.0,0.0,1.0,0.0,3.7,6,279
0.0,0.0,0.0,1.0,0.0,3.5,6,339
0.0,0.0,0.0,0.0,1.0,3.0,6,286
0.0,0.0,0.0,0.0,1.0,3.0,6,293
0.0,0.0,0.0,0.0,1.0,3.0,6,295
0.0,0.0,0.0,0.0,1.0,4.7,8,357
0.0,0.0,0.0,0.0,1.0,4.7,8,360
0.0,0.0,0.0,0.0,1.0,3.8,8,322
0.0,0.0,0.0,0.0,1.0,3.0,6,300
0.0,0.0,0.0,1.0,0.0,2.0,4,192
0.0,0.0,0.0,1.0,0.0,2.5,4,190
0.0,0.0,0.0,1.0,0.0,2.5,4,210
0.0,0.0,0.0,1.0,0.0,2.0,4,165
0.0,0.0,0.0,1.0,0.0,2.5,4,173
0.0,0.0,0.0,1.0,0.0,2.5,4,169
0.0,0.0,0.0,1.0,0.0,2.0,4,167
0.0,0.0,0.0,1.0,0.0,2.5,4,226
0.0,0.0,0.0,1.0,0.0,2.5,4,229
0.0,0.0,0.0,1.0,0.0,2.5,4,178
0.0,0.0,0.0,1.0,0.0,2.5,4,171
0.0,0.0,0.0,1.0,0.0,2.5,4,188
0.0,0.0,0.0,0.0,1.0,2.0,4,183
0.0,0.0,0.0,0.0,1.0,4.0,8,268
0.0,0.0,0.0,0.0,1.0,5.5,8,417
0.0,0.0,0.0,0.0,1.0,6.0,12,476
0.0,0.0,0.0,0.0,1.0,5.5,8,369
0.0,0.0,0.0,0.0,1.0,5.5,8,366
0.0,0.0,0.0,0.0,1.0,4.0,8,303
0.0,0.0,0.0,0.0,1.0,5.5,8,313
0.0,0.0,0.0,0.0,1.0,6.0,12,361
0.0,0.0,0.0,0.0,1.0,6.0,12,355
0.0,0.0,0.0,0.0,1.0,5.5,8,298
0.0,0.0,0.0,0.0,1.0,6.0,12,335
0.0,0.0,0.0,0.0,1.0,5.5,8,252
0.0,0.0,0.0,0.0,1.0,2.0,4,188
0.0,0.0,0.0,0.0,1.0,2.0,4,206
0.0,1.0,0.0,0.0,0.0,2.0,4,198
0.0,0.0,0.0,0.0,1.0,3.0,6,252
0.0,0.0,0.0,0.0,1.0,4.7,8,277
0.0,0.0,0.0,0.0,1.0,3.5,6,240
0.0,0.0,0.0,0.0,1.0,3.0,6,233
0.0,0.0,0.0,0.0,1.0,4.7,8,270
0.0,0.0,0.0,0.0,1.0,4.7,8,275
0.0,0.0,0.0,0.0,1.0,4.7,8,268
0.0,0.0,0.0,0.0,1.0,5.5,8,401
1.0,0.0,0.0,0.0,0.0,3.0,6,322
0.0,0.0,0.0,0.0,1.0,3.0,6,298
0.0,0.0,0.0,0.0,1.0,4.7,8,365
0.0,0.0,0.0,0.0,1.0,2.0,4,203
1.0,0.0,0.0,0.0,0.0,3.0,6,246
1.0,0.0,0.0,0.0,0.0,3.0,6,253
0.0,0.0,0.0,0.0,1.0,4.7,8,335
0.0,0.0,0.0,0.0,1.0,6.0,12,359
0.0,0.0,0.0,0.0,1.0,2.0,4,233
0.0,0.0,0.0,0.0,1.0,4.7,8,294
0.0,0.0,0.0,0.0,1.0,4.7,8,287
0.0,0.0,0.0,0.0,1.0,4.7,8,289
0.0,0.0,0.0,0.0,1.0,2.0,4,199
0.0,0.0,0.0,0.0,1.0,3.5,6,229
0.0,0.0,0.0,0.0,1.0,1.5,3,181
0.0,0.0,0.0,0.0,1.0,1.5,3,170
0.0,0.0,0.0,0.0,1.0,1.5,3,195
0.0,0.0,0.0,0.0,1.0,1.5,3,194
0.0,0.0,0.0,0.0,1.0,1.6,4,212
0.0,0.0,0.0,0.0,1.0,1.6,4,201
0.0,0.0,0.0,1.0,0.0,2.0,4,181
0.0,0.0,0.0,1.0,0.0,2.4,4,210
0.0,0.0,0.0,1.0,0.0,1.2,3,139
0.0,0.0,0.0,0.0,1.0,3.7,6,260
0.0,0.0,0.0,0.0,1.0,3.7,6,270
0.0,0.0,0.0,0.0,1.0,3.7,6,278
0.0,0.0,0.0,1.0,0.0,2.5,4,176
0.0,0.0,0.0,1.0,0.0,3.5,6,212
0.0,0.0,0.0,1.0,0.0,2.5,4,181
0.0,0.0,0.0,1.0,0.0,2.5,4,285
0.0,0.0,0.0,1.0,0.0,2.5,4,266
0.0,0.0,0.0,1.0,0.0,4.0,6,300
0.0,0.0,0.0,1.0,0.0,4.0,6,313
0.0,0.0,0.0,0.0,1.0,3.8,6,294
0.0,0.0,0.0,0.0,1.0,1.6,4,183
0.0,0.0,0.0,0.0,1.0,1.6,4,194
0.0,0.0,0.0,0.0,1.0,1.6,4,208
0.0,0.0,0.0,0.0,1.0,3.5,6,223
0.0,0.0,0.0,1.0,0.0,3.5,6,230
0.0,0.0,0.0,1.0,0.0,3.5,6,232
0.0,0.0,0.0,1.0,0.0,3.5,6,245
0.0,0.0,0.0,1.0,0.0,2.5,4,194
0.0,0.0,0.0,1.0,0.0,2.5,4,201
0.0,0.0,0.0,1.0,0.0,1.8,4,167
0.0,0.0,0.0,0.0,1.0,3.4,6,238
0.0,0.0,0.0,0.0,1.0,3.4,6,249
0.0,0.0,0.0,0.0,1.0,3.4,6,236
0.0,0.0,0.0,0.0,1.0,3.8,6,259
0.0,0.0,0.0,0.0,1.0,3.8,6,272
0.0,0.0,0.0,0.0,1.0,3.8,6,245
0.0,0.0,0.0,0.0,1.0,3.8,6,252
0.0,0.0,0.0,0.0,1.0,3.8,6,250
0.0,0.0,0.0,0.0,1.0,3.4,6,240
0.0,0.0,0.0,0.0,1.0,3.4,6,257
0.0,0.0,0.0,0.0,1.0,3.8,6,265
0.0,0.0,0.0,0.0,1.0,3.8,6,268
0.0,0.0,0.0,0.0,1.0,3.8,6,257
0.0,0.0,0.0,0.0,1.0,3.8,6,329
0.0,0.0,0.0,0.0,1.0,4.0,6,334
0.0,0.0,0.0,0.0,1.0,3.4,6,261
0.0,0.0,0.0,0.0,1.0,3.8,6,278
0.0,0.0,0.0,0.0,1.0,2.7,6,217
0.0,0.0,0.0,0.0,1.0,2.7,6,232
0.0,0.0,0.0,0.0,1.0,3.4,6,222
0.0,0.0,0.0,0.0,1.0,3.4,6,250
0.0,0.0,0.0,0.0,1.0,3.4,6,230
0.0,0.0,0.0,0.0,1.0,3.4,6,245
0.0,0.0,0.0,0.0,1.0,3.6,6,277
1.0,0.0,0.0,0.0,0.0,3.0,6,270
0.0,0.0,0.0,0.0,1.0,3.6,6,300
0.0,0.0,0.0,0.0,1.0,4.8,8,334
0.0,0.0,0.0,0.0,1.0,4.8,8,336
0.0,0.0,0.0,0.0,1.0,3.8,6,277
0.0,0.0,0.0,0.0,1.0,3.6,6,287
0.0,0.0,0.0,0.0,1.0,4.8,8,298
0.0,0.0,0.0,0.0,1.0,3.6,6,262
0.0,0.0,0.0,0.0,1.0,4.8,8,300
0.0,0.0,0.0,0.0,1.0,4.8,8,303
0.0,0.0,0.0,1.0,0.0,5.7,8,348
0.0,0.0,0.0,1.0,0.0,5.7,8,319
1.0,0.0,0.0,0.0,0.0,3.0,6,272
1.0,0.0,0.0,0.0,0.0,3.0,6,264
0.0,1.0,0.0,0.0,0.0,3.6,6,296
0.0,0.0,0.0,1.0,0.0,5.7,8,362
0.0,0.0,0.0,1.0,0.0,5.7,8,330
1.0,0.0,0.0,0.0,0.0,3.0,6,283
0.0,0.0,0.0,0.0,1.0,6.6,12,373
0.0,0.0,0.0,0.0,1.0,6.7,12,403
0.0,0.0,0.0,0.0,1.0,6.7,12,404
0.0,0.0,0.0,0.0,1.0,6.6,12,367
0.0,0.0,0.0,1.0,0.0,1.8,4,173
0.0,0.0,0.0,1.0,0.0,2.5,4,211
0.0,0.0,0.0,0.0,1.0,0.9,3,157
0.0,0.0,0.0,1.0,0.0,2.5,4,227
0.0,0.0,0.0,1.0,0.0,2.5,4,185
0.0,0.0,0.0,0.0,1.0,2.0,4,254
0.0,0.0,0.0,0.0,1.0,2.5,4,285
0.0,0.0,0.0,1.0,0.0,4.0,6,298
0.0,0.0,0.0,1.0,0.0,2.5,4,192
0.0,0.0,0.0,1.0,0.0,3.5,6,222
0.0,0.0,0.0,1.0,0.0,2.5,4,134
0.0,0.0,0.0,1.0,0.0,2.5,4,137
0.0,0.0,0.0,1.0,0.0,1.8,4,171
0.0,0.0,0.0,1.0,0.0,1.8,4,174
0.0,0.0,0.0,1.0,0.0,1.8,4,160
0.0,0.0,0.0,1.0,0.0,1.8,4,162
0.0,0.0,0.0,1.0,0.0,3.5,6,198
0.0,0.0,0.0,1.0,0.0,3.5,6,195
0.0,0.0,0.0,1.0,0.0,1.8,4,104
0.0,0.0,0.0,1.0,0.0,1.5,4,111
0.0,0.0,0.0,1.0,0.0,2.5,4,208
0.0,0.0,0.0,1.0,0.0,3.5,6,290
0.0,0.0,0.0,1.0,0.0,2.7,4,261
0.0,0.0,0.0,1.0,0.0,2.7,4,279
0.0,0.0,0.0,1.0,0.0,3.5,6,300
0.0,0.0,0.0,1.0,0.0,4.6,8,335
0.0,0.0,0.0,1.0,0.0,5.7,8,360
0.0,0.0,0.0,1.0,0.0,4.6,8,351
0.0,0.0,0.0,1.0,0.0,5.7,8,380
0.0,0.0,0.0,1.0,0.0,2.7,4,244
0.0,0.0,0.0,1.0,0.0,3.5,6,256
0.0,0.0,0.0,1.0,0.0,2.7,4,241
0.0,0.0,0.0,1.0,0.0,3.5,6,263
0.0,0.0,0.0,1.0,0.0,1.5,4,151
0.0,0.0,0.0,1.0,0.0,1.5,4,165
0.0,0.0,0.0,1.0,0.0,1.8,4,203
0.0,0.0,0.0,0.0,1.0,2.0,4,217
0.0,0.0,0.0,0.0,1.0,2.0,4,220
0.0,0.0,0.0,1.0,0.0,1.8,4,192
0.0,0.0,0.0,1.0,0.0,3.6,6,243
0.0,0.0,0.0,0.0,1.0,2.0,4,251
0.0,0.0,0.0,0.0,1.0,2.0,4,259
0.0,0.0,0.0,1.0,0.0,2.5,5,239
0.0,0.0,0.0,1.0,0.0,2.5,5,233
0.0,0.0,0.0,1.0,0.0,3.0,6,259
0.0,0.0,0.0,1.0,0.0,2.0,4,213
0.0,0.0,0.0,1.0,0.0,2.5,5,254
0.0,0.0,0.0,0.0,1.0,2.0,4,247
0.0,0.0,0.0,1.0,0.0,3.0,6,276
0.0,0.0,0.0,0.0,1.0,2.4,4,192
0.0,0.0,0.0,0.0,1.0,3.5,6,259
0.0,0.0,0.0,0.0,1.0,3.0,6,210
0.0,0.0,0.0,0.0,1.0,3.5,6,261
0.0,0.0,0.0,0.0,1.0,3.5,6,250
0.0,0.0,0.0,0.0,1.0,3.5,6,190
0.0,0.0,0.0,0.0,1.0,2.4,4,197
0.0,0.0,0.0,0.0,1.0,2.9,6,280
0.0,0.0,0.0,0.0,1.0,5.2,12,322
0.0,0.0,0.0,0.0,1.0,6.0,12,331
0.0,0.0,0.0,0.0,1.0,6.0,12,450
0.0,0.0,0.0,1.0,0.0,2.0,4,223
0.0,0.0,0.0,0.0,1.0,2.0,4,177
0.0,0.0,0.0,0.0,1.0,2.0,4,204
0.0,0.0,0.0,0.0,1.0,2.0,4,243
0.0,0.0,0.0,0.0,1.0,2.0,4,241
0.0,0.0,0.0,0.0,1.0,2.0,4,253
0.0,0.0,0.0,0.0,1.0,5.2,10,330
0.0,0.0,0.0,0.0,1.0,4.0,8,309
0.0,0.0,0.0,0.0,1.0,3.0,6,259
0.0,0.0,0.0,0.0,1.0,4.0,8,312
0.0,0.0,0.0,0.0,1.0,6.0,12,370
0.0,0.0,0.0,0.0,1.0,4.0,8,321
0.0,0.0,0.0,0.0,1.0,6.8,8,407
0.0,0.0,0.0,0.0,1.0,6.8,8,430
0.0,0.0,0.0,0.0,1.0,2.0,4,213
1.0,0.0,0.0,0.0,0.0,2.0,4,189
0.0,0.0,0.0,0.0,1.0,3.0,6,224
0.0,0.0,0.0,0.0,1.0,4.4,8,273
0.0,0.0,0.0,0.0,1.0,3.0,6,250
0.0,0.0,0.0,0.0,1.0,6.6,12,355
0.0,0.0,0.0,0.0,1.0,4.4,8,341
1.0,0.0,0.0,0.0,0.0,3.0,6,249
0.0,0.0,0.0,0.0,1.0,3.0,6,270
0.0,0.0,0.0,1.0,0.0,3.6,6,322
0.0,0.0,0.0,1.0,0.0,1.4,4,185
0.0,0.0,0.0,1.0,0.0,1.4,4,208
0.0,0.0,0.0,1.0,0.0,2.5,4,232
0.0,0.0,0.0,1.0,0.0,3.6,6,224
0.0,0.0,0.0,0.0,1.0,2.0,4,250
0.0,0.0,0.0,1.0,0.0,2.4,4,226
0.0,0.0,0.0,0.0,1.0,2.0,4,236
0.0,0.0,0.0,1.0,0.0,3.6,6,234
0.0,0.0,0.0,0.0,1.0,3.6,6,279
0.0,0.0,0.0,0.0,1.0,3.6,6,295
0.0,0.0,0.0,1.0,0.0,3.6,6,259
0.0,0.0,0.0,0.0,1.0,3.6,6,299
0.0,0.0,0.0,0.0,1.0,6.2,8,331
0.0,0.0,0.0,1.0,0.0,3.6,6,245
0.0,0.0,0.0,1.0,0.0,3.6,6,249
0.0,0.0,0.0,0.0,1.0,6.2,8,273
0.0,0.0,0.0,0.0,1.0,6.2,8,367
0.0,0.0,0.0,0.0,1.0,6.2,8,349
0.0,0.0,0.0,1.0,0.0,2.5,4,254
1.0,0.0,0.0,0.0,0.0,2.8,4,255
0.0,0.0,0.0,1.0,0.0,2.5,4,263
1.0,0.0,0.0,0.0,0.0,2.8,4,280
0.0,0.0,0.0,1.0,0.0,3.6,6,286
1.0,0.0,0.0,0.0,0.0,2.8,4,315
0.0,0.0,0.0,1.0,0.0,3.6,6,331
0.0,0.0,0.0,0.0,1.0,6.2,8,290
0.0,0.0,0.0,0.0,1.0,6.2,8,278
0.0,0.0,0.0,0.0,1.0,6.2,8,336
0.0,0.0,0.0,0.0,1.0,6.2,8,312
0.0,0.0,0.0,1.0,0.0,1.4,4,165
0.0,0.0,0.0,1.0,0.0,1.4,4,170
0.0,0.0,0.0,1.0,0.0,1.4,4,169
1.0,0.0,0.0,0.0,0.0,1.6,4,172
1.0,0.0,0.0,0.0,0.0,1.6,4,169
0.0,0.0,0.0,1.0,0.0,1.4,4,176
0.0,1.0,0.0,0.0,0.0,2.4,4,223
0.0,1.0,0.0,0.0,0.0,2.4,4,234
0.0,0.0,0.0,1.0,0.0,3.6,6,304
0.0,0.0,0.0,1.0,0.0,6.0,8,438
0.0,0.0,0.0,1.0,0.0,6.0,8,445
0.0,0.0,0.0,1.0,0.0,2.5,4,224
0.0,1.0,0.0,0.0,0.0,3.6,6,240
0.0,0.0,0.0,1.0,0.0,1.5,4,182
0.0,0.0,0.0,1.0,0.0,1.8,4,121
0.0,0.0,0.0,1.0,0.0,5.3,8,297
0.0,0.0,0.0,1.0,0.0,5.3,8,309
0.0,0.0,0.0,1.0,0.0,4.3,6,279
0.0,1.0,0.0,0.0,0.0,5.3,8,284
0.0,0.0,0.0,1.0,0.0,5.3,8,327
0.0,0.0,0.0,0.0,1.0,6.2,8,330
0.0,0.0,0.0,1.0,0.0,4.3,6,294
0.0,1.0,0.0,0.0,0.0,4.3,6,294
0.0,1.0,0.0,0.0,0.0,5.3,8,315
0.0,0.0,0.0,1.0,0.0,5.3,8,303
0.0,0.0,0.0,1.0,0.0,1.4,4,174
0.0,0.0,0.0,1.0,0.0,1.8,4,197
0.0,0.0,0.0,1.0,0.0,1.8,4,194
0.0,0.0,0.0,1.0,0.0,5.3,8,305
0.0,1.0,0.0,0.0,0.0,5.3,8,299
0.0,0.0,0.0,1.0,0.0,2.4,4,201
0.0,1.0,0.0,0.0,0.0,2.4,4,192
0.0,0.0,0.0,1.0,0.0,3.6,6,241
0.0,0.0,0.0,1.0,0.0,3.6,6,252
0.0,1.0,0.0,0.0,0.0,3.6,6,248
0.0,0.0,0.0,0.0,1.0,5.7,8,307
0.0,0.0,0.0,0.0,1.0,6.4,8,325
0.0,0.0,0.0,1.0,0.0,5.7,8,312
0.0,0.0,0.0,1.0,0.0,5.7,8,328
0.0,1.0,0.0,0.0,0.0,3.6,6,274
0.0,0.0,0.0,1.0,0.0,3.6,6,284
0.0,0.0,0.0,0.0,1.0,8.4,10,387
0.0,0.0,0.0,1.0,0.0,1.4,4,187
0.0,0.0,0.0,1.0,0.0,1.4,4,221
0.0,0.0,0.0,1.0,0.0,1.4,4,197
0.0,0.0,0.0,1.0,0.0,2.0,4,233
0.0,0.0,0.0,1.0,0.0,3.5,6,270
0.0,0.0,0.0,1.0,0.0,2.0,4,244
0.0,0.0,0.0,1.0,0.0,2.7,6,281
0.0,0.0,0.0,1.0,0.0,3.5,6,284
0.0,0.0,0.0,1.0,0.0,1.5,4,214
0.0,1.0,0.0,0.0,0.0,2.5,4,219
0.0,0.0,0.0,1.0,0.0,1.5,4,226
0.0,0.0,0.0,1.0,0.0,3.5,6,333
0.0,0.0,0.0,1.0,0.0,3.5,6,337
0.0,0.0,0.0,1.0,0.0,2.3,4,254
0.0,0.0,0.0,1.0,0.0,3.5,6,281
0.0,0.0,0.0,1.0,0.0,2.3,4,266
0.0,0.0,0.0,1.0,0.0,3.5,6,296
0.0,1.0,0.0,0.0,0.0,3.5,6,284
0.0,0.0,0.0,1.0,0.0,2.7,6,272
0.0,0.0,0.0,1.0,0.0,5.0,8,310
0.0,1.0,0.0,0.0,0.0,5.0,8,291
0.0,0.0,0.0,1.0,0.0,2.7,6,293
0.0,1.0,0.0,0.0,0.0,3.5,6,281
0.0,0.0,0.0,1.0,0.0,5.0,8,323
0.0,1.0,0.0,0.0,0.0,5.0,8,305
0.0,0.0,0.0,1.0,0.0,5.0,8,330
0.0,1.0,0.0,0.0,0.0,5.0,8,326
0.0,0.0,0.0,1.0,0.0,1.0,3,158
0.0,0.0,0.0,1.0,0.0,1.6,4,192
0.0,0.0,0.0,1.0,0.0,3.5,6,321
0.0,0.0,0.0,1.0,0.0,1.0,3,176
0.0,0.0,0.0,1.0,0.0,1.0,3,164
0.0,0.0,0.0,1.0,0.0,2.0,4,185
0.0,1.0,0.0,0.0,0.0,2.0,4,177
0.0,1.0,0.0,0.0,0.0,2.0,4,182
0.0,0.0,0.0,1.0,0.0,2.0,4,195
0.0,1.0,0.0,0.0,0.0,2.0,4,188
0.0,0.0,0.0,0.0,1.0,2.3,4,256
0.0,0.0,0.0,1.0,0.0,2.0,4,219
0.0,0.0,0.0,1.0,0.0,1.5,4,204
0.0,0.0,0.0,1.0,0.0,2.0,4,238
0.0,0.0,0.0,1.0,0.0,2.7,6,270
0.0,0.0,0.0,1.0,0.0,2.0,4,131
0.0,0.0,0.0,0.0,1.0,3.5,6,406
0.0,0.0,0.0,1.0,0.0,2.3,4,226
0.0,0.0,0.0,1.0,0.0,2.3,4,239
0.0,0.0,0.0,1.0,0.0,2.3,4,230
0.0,0.0,0.0,1.0,0.0,3.7,6,259
0.0,0.0,0.0,1.0,0.0,3.7,6,271
0.0,0.0,0.0,1.0,0.0,5.0,8,303
0.0,0.0,0.0,1.0,0.0,5.0,8,307
0.0,0.0,0.0,1.0,0.0,2.3,4,237
0.0,0.0,0.0,0.0,1.0,5.2,8,341
0.0,0.0,0.0,1.0,0.0,3.5,6,344
0.0,0.0,0.0,1.0,0.0,3.7,6,354
0.0,1.0,0.0,0.0,0.0,3.7,6,343
0.0,1.0,0.0,0.0,0.0,3.5,6,249
0.0,0.0,0.0,1.0,0.0,2.5,4,244
0.0,1.0,0.0,0.0,0.0,2.5,4,234
0.0,1.0,0.0,0.0,0.0,2.5,4,242
0.0,0.0,0.0,1.0,0.0,3.8,6,286
0.0,0.0,0.0,0.0,1.0,3.3,6,279
0.0,0.0,0.0,0.0,1.0,6.2,8,333
0.0,0.0,0.0,1.0,0.0,2.4,4,190
0.0,0.0,0.0,1.0,0.0,3.5,6,254
0.0,0.0,0.0,1.0,0.0,2.4,4,180
0.0,0.0,0.0,1.0,0.0,2.0,4,114
0.0,0.0,0.0,1.0,0.0,1.5,4,153
0.0,0.0,0.0,1.0,0.0,2.0,4,172
0.0,0.0,0.0,1.0,0.0,1.5,4,162
0.0,0.0,0.0,0.0,1.0,1.5,4,170
0.0,0.0,0.0,1.0,0.0,1.5,4,167
0.0,0.0,0.0,0.0,1.0,1.5,4,167
0.0,0.0,0.0,1.0,0.0,1.5,4,181
0.0,0.0,0.0,1.0,0.0,1.5,4,154
0.0,0.0,0.0,1.0,0.0,1.5,4,164
0.0,0.0,0.0,1.0,0.0,1.5,4,174
0.0,0.0,0.0,1.0,0.0,3.5,6,266
0.0,0.0,0.0,1.0,0.0,2.0,4,174
0.0,0.0,0.0,1.0,0.0,2.0,4,187
0.0,0.0,0.0,1.0,0.0,2.0,4,204
0.0,0.0,0.0,1.0,0.0,1.6,4,103
0.0,0.0,0.0,1.0,0.0,1.6,4,96
0.0,0.0,0.0,1.0,0.0,2.4,4,194
0.0,0.0,0.0,1.0,0.0,2.0,4,143
0.0,0.0,0.0,1.0,0.0,2.0,4,137
0.0,0.0,0.0,1.0,0.0,2.0,4,241
0.0,0.0,0.0,1.0,0.0,1.6,4,188
0.0,0.0,0.0,1.0,0.0,1.6,4,193
0.0,0.0,0.0,1.0,0.0,1.6,4,200
0.0,0.0,0.0,0.0,1.0,3.5,6,200
0.0,0.0,0.0,0.0,1.0,3.5,6,184
0.0,0.0,0.0,0.0,1.0,3.7,6,280
0.0,0.0,0.0,0.0,1.0,3.5,6,257
0.0,0.0,0.0,0.0,1.0,5.6,8,355
0.0,0.0,0.0,0.0,1.0,3.0,6,277
0.0,0.0,0.0,0.0,1.0,3.0,6,265
1.0,0.0,0.0,0.0,0.0,2.0,4,186
0.0,0.0,0.0,0.0,1.0,3.0,6,243
0.0,0.0,0.0,0.0,1.0,3.0,6,280
0.0,0.0,0.0,1.0,0.0,3.2,6,234
0.0,0.0,0.0,1.0,0.0,3.2,6,241
0.0,0.0,0.0,1.0,0.0,2.4,4,240
0.0,0.0,0.0,1.0,0.0,3.2,6,259
0.0,0.0,0.0,1.0,0.0,2.4,4,256
0.0,0.0,0.0,1.0,0.0,3.2,6,269
0.0,0.0,0.0,1.0,0.0,2.4,4,249
0.0,0.0,0.0,0.0,1.0,6.4,8,368
0.0,0.0,0.0,1.0,0.0,2.4,4,211
0.0,0.0,0.0,1.0,0.0,2.4,4,222
0.0,0.0,0.0,1.0,0.0,1.4,4,209
0.0,0.0,0.0,1.0,0.0,1.4,4,211
0.0,0.0,0.0,1.0,0.0,3.6,6,298
0.0,0.0,0.0,1.0,0.0,3.6,6,313
0.0,0.0,0.0,1.0,0.0,3.3,6,237
0.0,0.0,0.0,1.0,0.0,2.0,4,170
0.0,0.0,0.0,1.0,0.0,1.6,4,204
0.0,0.0,0.0,1.0,0.0,3.8,6,279
0.0,0.0,0.0,0.0,1.0,5.0,8,317
0.0,0.0,0.0,1.0,0.0,1.6,4,114
0.0,0.0,0.0,1.0,0.0,1.6,4,110
0.0,0.0,0.0,1.0,0.0,1.6,4,129
0.0,0.0,0.0,1.0,0.0,2.0,4,132
0.0,0.0,0.0,1.0,0.0,1.6,4,181
0.0,0.0,0.0,1.0,0.0,2.4,4,234
0.0,0.0,0.0,1.0,0.0,3.3,6,289
0.0,0.0,0.0,1.0,0.0,3.3,6,270
0.0,0.0,0.0,1.0,0.0,1.6,4,199
0.0,0.0,0.0,1.0,0.0,2.0,4,263
0.0,0.0,0.0,1.0,0.0,2.4,4,247
0.0,0.0,0.0,0.0,1.0,6.5,12,428
0.0,0.0,0.0,0.0,1.0,6.5,12,461
0.0,0.0,0.0,0.0,1.0,6.5,12,438
0.0,0.0,0.0,1.0,0.0,3.5,6,226
0.0,0.0,0.0,0.0,1.0,3.5,6,176
0.0,0.0,0.0,0.0,1.0,4.6,8,341
0.0,0.0,0.0,0.0,1.0,5.7,8,372
0.0,0.0,0.0,1.0,0.0,3.5,6,252
0.0,0.0,0.0,0.0,1.0,3.5,6,185
0.0,0.0,0.0,1.0,0.0,3.0,6,288
0.0,0.0,0.0,1.0,0.0,2.0,4,254
0.0,0.0,0.0,1.0,0.0,2.3,4,268
0.0,0.0,0.0,1.0,0.0,2.7,6,284
0.0,0.0,0.0,1.0,0.0,3.0,6,278
0.0,0.0,0.0,1.0,0.0,2.0,4,139
0.0,0.0,0.0,0.0,1.0,4.7,8,355
0.0,0.0,0.0,0.0,1.0,4.7,8,358
0.0,0.0,0.0,0.0,1.0,3.0,6,340
0.0,0.0,0.0,0.0,1.0,3.0,6,346
0.0,0.0,0.0,0.0,1.0,3.8,8,321
0.0,0.0,0.0,1.0,0.0,2.5,4,183
0.0,0.0,0.0,1.0,0.0,2.5,4,230
0.0,0.0,0.0,1.0,0.0,2.5,4,187
0.0,0.0,0.0,0.0,1.0,2.0,4,187
0.0,0.0,0.0,0.0,1.0,2.0,4,190
0.0,0.0,0.0,0.0,1.0,4.0,8,273
0.0,0.0,0.0,0.0,1.0,4.0,8,291
0.0,0.0,0.0,0.0,1.0,4.0,8,285
0.0,0.0,0.0,0.0,1.0,5.5,8,413
0.0,0.0,0.0,0.0,1.0,6.0,12,467
0.0,0.0,0.0,0.0,1.0,3.0,6,353
0.0,0.0,0.0,0.0,1.0,5.5,8,322
0.0,0.0,0.0,0.0,1.0,5.5,8,305
0.0,0.0,0.0,0.0,1.0,6.0,12,349
0.0,0.0,0.0,0.0,1.0,6.0,12,348
0.0,0.0,0.0,0.0,1.0,6.0,12,365
0.0,0.0,0.0,0.0,1.0,3.0,6,234
0.0,0.0,0.0,0.0,1.0,4.0,8,401
0.0,1.0,0.0,0.0,0.0,2.0,4,128
0.0,0.0,0.0,0.0,1.0,4.7,8,318
0.0,0.0,0.0,0.0,1.0,4.7,8,280
0.0,0.0,0.0,0.0,1.0,6.0,12,350
0.0,0.0,0.0,0.0,1.0,1.5,3,184
0.0,0.0,0.0,0.0,1.0,1.5,3,175
0.0,0.0,0.0,0.0,1.0,1.5,3,197
0.0,0.0,0.0,0.0,1.0,1.5,3,213
0.0,0.0,0.0,0.0,1.0,1.5,3,214
0.0,0.0,0.0,0.0,1.0,1.5,3,215
0.0,0.0,0.0,1.0,0.0,2.4,4,206
0.0,0.0,0.0,1.0,0.0,1.2,3,141
0.0,0.0,0.0,1.0,0.0,1.2,3,150
0.0,0.0,0.0,1.0,0.0,1.2,3,149
0.0,0.0,0.0,1.0,0.0,1.2,3,155
0.0,0.0,0.0,1.0,0.0,2.4,4,197
0.0,0.0,0.0,0.0,1.0,3.7,6,261
0.0,0.0,0.0,1.0,0.0,5.6,8,362
0.0,0.0,0.0,1.0,0.0,2.5,4,286
0.0,0.0,0.0,1.0,0.0,2.5,4,268
0.0,0.0,0.0,1.0,0.0,4.0,6,304
0.0,0.0,0.0,1.0,0.0,4.0,6,326
0.0,0.0,0.0,1.0,0.0,4.0,6,317
0.0,0.0,0.0,0.0,1.0,3.8,6,300
0.0,0.0,0.0,0.0,1.0,1.6,4,189
0.0,0.0,0.0,0.0,1.0,1.6,4,188
0.0,0.0,0.0,0.0,1.0,1.6,4,199
0.0,0.0,0.0,0.0,1.0,1.6,4,197
0.0,0.0,0.0,0.0,1.0,1.6,4,209
0.0,0.0,0.0,1.0,0.0,1.6,4,185
0.0,0.0,0.0,1.0,0.0,3.5,6,240
0.0,0.0,0.0,1.0,0.0,2.5,4,203
0.0,0.0,0.0,0.0,1.0,1.6,4,193
0.0,0.0,0.0,0.0,1.0,1.6,4,195
0.0,0.0,0.0,0.0,1.0,1.6,4,205
0.0,0.0,0.0,0.0,1.0,1.6,4,204
0.0,0.0,0.0,1.0,0.0,5.6,8,312
0.0,0.0,0.0,1.0,0.0,5.6,8,315
0.0,0.0,0.0,1.0,0.0,5.6,8,333
0.0,0.0,0.0,1.0,0.0,1.6,4,164
0.0,0.0,0.0,0.0,1.0,3.0,6,227
0.0,0.0,0.0,0.0,1.0,3.0,6,226
0.0,0.0,0.0,0.0,1.0,3.8,6,266
0.0,0.0,0.0,0.0,1.0,2.5,4,230
0.0,0.0,0.0,0.0,1.0,2.5,4,249
0.0,0.0,0.0,0.0,1.0,3.6,6,268
0.0,0.0,0.0,0.0,1.0,3.6,6,281
0.0,0.0,0.0,0.0,1.0,3.0,6,287
0.0,0.0,0.0,1.0,0.0,3.6,6,280
0.0,1.0,0.0,0.0,0.0,3.6,6,283
0.0,0.0,0.0,1.0,0.0,5.7,8,346
0.0,1.0,0.0,0.0,0.0,3.6,6,300
0.0,0.0,0.0,1.0,0.0,5.7,8,361
1.0,0.0,0.0,0.0,0.0,3.0,6,289
0.0,0.0,0.0,0.0,1.0,6.6,12,390
0.0,0.0,0.0,0.0,1.0,6.7,12,400
0.0,0.0,0.0,0.0,1.0,6.7,12,401
0.0,0.0,0.0,0.0,1.0,6.6,12,375
0.0,0.0,0.0,0.0,1.0,0.9,3,152
0.0,0.0,0.0,1.0,0.0,2.5,4,222
0.0,0.0,0.0,1.0,0.0,2.5,4,199
0.0,0.0,0.0,1.0,0.0,3.5,6,224
0.0,0.0,0.0,1.0,0.0,2.5,4,141
0.0,0.0,0.0,1.0,0.0,1.8,4,178
0.0,0.0,0.0,1.0,0.0,1.8,4,185
0.0,0.0,0.0,1.0,0.0,3.5,6,243
0.0,0.0,0.0,1.0,0.0,3.5,6,247
0.0,0.0,0.0,1.0,0.0,1.8,4,105
0.0,0.0,0.0,1.0,0.0,1.8,4,135
0.0,0.0,0.0,1.0,0.0,2.5,4,217
0.0,0.0,0.0,1.0,0.0,2.7,4,263
0.0,0.0,0.0,1.0,0.0,3.5,6,283
0.0,0.0,0.0,1.0,0.0,3.5,6,301
0.0,0.0,0.0,1.0,0.0,4.6,8,334
0.0,0.0,0.0,1.0,0.0,5.7,8,358
0.0,0.0,0.0,1.0,0.0,4.6,8,349
0.0,0.0,0.0,1.0,0.0,5.7,8,378
0.0,0.0,0.0,1.0,0.0,1.5,4,173
0.0,0.0,0.0,1.0,0.0,1.8,4,199
0.0,0.0,0.0,1.0,0.0,1.8,4,201
0.0,0.0,0.0,1.0,0.0,3.6,6,277
0.0,0.0,0.0,1.0,0.0,1.8,4,220
0.0,0.0,0.0,0.0,1.0,2.0,4,256
0.0,0.0,0.0,0.0,1.0,2.0,4,263
0.0,0.0,0.0,0.0,1.0,2.0,4,249
0.0,0.0,0.0,0.0,1.0,3.5,6,196
0.0,0.0,0.0,0.0,1.0,2.4,4,205
0.0,0.0,0.0,0.0,1.0,2.4,4,209
0.0,0.0,0.0,0.0,1.0,3.5,6,228
0.0,0.0,0.0,0.0,1.0,2.9,6,292
0.0,0.0,0.0,0.0,1.0,4.0,8,271
0.0,0.0,0.0,0.0,1.0,4.0,8,290
0.0,0.0,0.0,0.0,1.0,5.2,10,304
0.0,0.0,0.0,0.0,1.0,5.2,10,338
0.0,0.0,0.0,0.0,1.0,2.5,5,248
0.0,0.0,0.0,0.0,1.0,2.9,6,260
0.0,0.0,0.0,0.0,1.0,4.0,8,318
0.0,0.0,0.0,0.0,1.0,4.0,8,298
0.0,0.0,0.0,0.0,1.0,2.5,5,245
0.0,0.0,0.0,0.0,1.0,6.0,12,389
0.0,0.0,0.0,0.0,1.0,4.0,8,353
0.0,0.0,0.0,0.0,1.0,6.8,8,405
0.0,0.0,0.0,0.0,1.0,2.0,4,208
0.0,0.0,0.0,0.0,1.0,3.0,6,183
0.0,0.0,0.0,0.0,1.0,3.0,6,240
0.0,0.0,0.0,0.0,1.0,3.0,6,223
0.0,0.0,0.0,0.0,1.0,3.0,6,236
0.0,0.0,0.0,0.0,1.0,4.4,8,286
0.0,0.0,0.0,0.0,1.0,3.0,6,222
0.0,0.0,0.0,0.0,1.0,8.0,16,522
0.0,0.0,0.0,1.0,0.0,1.4,4,210
0.0,0.0,0.0,1.0,0.0,2.5,4,234
0.0,0.0,0.0,1.0,0.0,3.6,6,228
0.0,0.0,0.0,0.0,1.0,3.6,6,291
0.0,0.0,0.0,0.0,1.0,3.6,6,311
0.0,0.0,0.0,0.0,1.0,6.2,8,348
0.0,0.0,0.0,1.0,0.0,2.0,4,218
0.0,0.0,0.0,1.0,0.0,2.5,4,251
1.0,0.0,0.0,0.0,0.0,2.8,4,257
1.0,0.0,0.0,0.0,0.0,2.8,4,279
0.0,0.0,0.0,1.0,0.0,3.6,6,288
0.0,0.0,0.0,0.0,1.0,6.2,8,297
1.0,0.0,0.0,0.0,0.0,1.6,4,175
1.0,0.0,0.0,0.0,0.0,1.6,4,170
1.0,0.0,0.0,0.0,0.0,1.6,4,178
1.0,0.0,0.0,0.0,0.0,1.6,4,180
0.0,0.0,0.0,1.0,0.0,1.5,4,195
1.0,0.0,0.0,0.0,0.0,1.6,4,198
0.0,0.0,0.0,1.0,0.0,1.5,4,209
0.0,0.0,0.0,1.0,0.0,3.6,6,254
0.0,1.0,0.0,0.0,0.0,3.6,6,245
0.0,0.0,0.0,1.0,0.0,4.3,6,278
0.0,1.0,0.0,0.0,0.0,5.3,8,283
0.0,0.0,0.0,1.0,0.0,5.3,8,278
0.0,1.0,0.0,0.0,0.0,4.3,6,296
0.0,1.0,0.0,0.0,0.0,5.3,8,309
0.0,0.0,0.0,1.0,0.0,5.3,8,324
0.0,1.0,0.0,0.0,0.0,5.3,8,285
0.0,0.0,0.0,1.0,0.0,5.3,8,313
0.0,1.0,0.0,0.0,0.0,5.3,8,321
0.0,1.0,0.0,0.0,0.0,3.6,6,234
0.0,1.0,0.0,0.0,0.0,3.6,6,268
0.0,0.0,0.0,1.0,0.0,1.0,3,195
0.0,0.0,0.0,1.0,0.0,2.0,4,246
0.0,0.0,0.0,1.0,0.0,2.7,6,282
0.0,0.0,0.0,1.0,0.0,3.5,6,311
0.0,0.0,0.0,1.0,0.0,2.3,4,267
0.0,1.0,0.0,0.0,0.0,3.5,6,288
0.0,0.0,0.0,1.0,0.0,2.7,6,249
0.0,0.0,0.0,1.0,0.0,2.7,6,253
0.0,0.0,0.0,1.0,0.0,2.7,6,258
1.0,0.0,0.0,0.0,0.0,3.0,6,256
1.0,0.0,0.0,0.0,0.0,3.0,6,260
0.0,0.0,0.0,1.0,0.0,3.3,6,259
0.0,0.0,0.0,1.0,0.0,3.3,6,257
0.0,1.0,0.0,0.0,0.0,3.3,6,248
0.0,0.0,0.0,1.0,0.0,3.3,6,263
0.0,0.0,0.0,1.0,0.0,3.5,6,282
0.0,0.0,0.0,1.0,0.0,5.0,8,286
0.0,1.0,0.0,0.0,0.0,5.0,8,288
0.0,0.0,0.0,1.0,0.0,5.0,8,308
0.0,0.0,0.0,1.0,0.0,2.7,6,265
0.0,0.0,0.0,1.0,0.0,2.7,6,277
1.0,0.0,0.0,0.0,0.0,3.0,6,288
1.0,0.0,0.0,0.0,0.0,3.0,6,266
0.0,0.0,0.0,1.0,0.0,3.3,6,277
0.0,0.0,0.0,1.0,0.0,3.3,6,273
0.0,1.0,0.0,0.0,0.0,3.3,6,263
0.0,0.0,0.0,1.0,0.0,3.3,6,291
0.0,1.0,0.0,0.0,0.0,3.3,6,262
0.0,0.0,0.0,1.0,0.0,3.5,6,297
0.0,0.0,0.0,1.0,0.0,5.0,8,311
0.0,1.0,0.0,0.0,0.0,5.0,8,300
0.0,0.0,0.0,1.0,0.0,5.0,8,334
0.0,0.0,0.0,1.0,0.0,5.0,8,339
0.0,1.0,0.0,0.0,0.0,5.0,8,325
0.0,0.0,0.0,0.0,1.0,2.3,4,252
0.0,0.0,0.0,1.0,0.0,1.5,4,203
0.0,0.0,0.0,0.0,1.0,3.5,6,403
0.0,0.0,0.0,1.0,0.0,2.3,4,236
0.0,0.0,0.0,1.0,0.0,2.3,4,222
0.0,0.0,0.0,1.0,0.0,2.3,4,240
0.0,0.0,0.0,1.0,0.0,5.0,8,291
0.0,0.0,0.0,1.0,0.0,5.0,8,300
0.0,0.0,0.0,1.0,0.0,2.3,4,238
0.0,0.0,0.0,1.0,0.0,5.0,8,305
0.0,0.0,0.0,1.0,0.0,3.5,6,345
0.0,1.0,0.0,0.0,0.0,2.5,4,241
0.0,0.0,0.0,0.0,1.0,3.3,6,282
0.0,0.0,0.0,1.0,0.0,3.8,6,276
0.0,0.0,0.0,1.0,0.0,3.6,6,275
0.0,0.0,0.0,1.0,0.0,1.5,4,201
0.0,0.0,0.0,1.0,0.0,1.5,4,210
0.0,0.0,0.0,1.0,0.0,1.5,4,185
0.0,0.0,0.0,1.0,0.0,2.0,4,118
0.0,0.0,0.0,0.0,1.0,1.5,4,173
0.0,0.0,0.0,1.0,0.0,1.5,4,166
0.0,0.0,0.0,1.0,0.0,1.6,4,173
0.0,0.0,0.0,1.0,0.0,1.6,4,194
0.0,0.0,0.0,1.0,0.0,1.6,4,226
0.0,0.0,0.0,1.0,0.0,1.6,4,102
0.0,0.0,0.0,1.0,0.0,1.6,4,201
0.0,0.0,0.0,1.0,0.0,2.0,4,135
0.0,0.0,0.0,0.0,1.0,5.6,8,301
1.0,0.0,0.0,0.0,0.0,2.0,4,218
0.0,1.0,0.0,0.0,0.0,2.4,4,218
0.0,1.0,0.0,0.0,0.0,2.4,4,231
1.0,0.0,0.0,0.0,0.0,3.0,6,268
0.0,0.0,0.0,0.0,1.0,6.2,8,413
0.0,0.0,0.0,1.0,0.0,2.0,4,168
0.0,0.0,0.0,0.0,1.0,3.3,6,265
0.0,0.0,0.0,0.0,1.0,6.5,12,454
0.0,0.0,0.0,0.0,1.0,6.5,12,464
0.0,0.0,0.0,0.0,1.0,5.2,10,336
0.0,0.0,0.0,0.0,1.0,5.2,10,349
0.0,0.0,0.0,0.0,1.0,5.2,10,337
0.0,0.0,0.0,0.0,1.0,5.2,10,350
1.0,0.0,0.0,0.0,0.0,2.0,4,229
0.0,0.0,0.0,0.0,1.0,5.0,8,286
0.0,0.0,0.0,0.0,1.0,3.5,6,187
0.0,0.0,0.0,0.0,1.0,3.4,6,259
0.0,0.0,0.0,0.0,1.0,3.5,6,195
0.0,0.0,0.0,0.0,1.0,3.5,6,211
0.0,0.0,0.0,0.0,1.0,3.5,6,262
0.0,0.0,0.0,1.0,0.0,2.7,6,280
0.0,0.0,0.0,1.0,0.0,3.0,6,290
0.0,0.0,0.0,1.0,0.0,2.3,4,269
0.0,0.0,0.0,1.0,0.0,3.5,6,310
0.0,0.0,0.0,1.0,0.0,2.0,4,180
0.0,0.0,0.0,1.0,0.0,2.5,4,206
0.0,0.0,0.0,0.0,1.0,4.0,8,274
0.0,0.0,0.0,0.0,1.0,6.0,12,473
0.0,0.0,0.0,0.0,1.0,3.0,6,272
0.0,0.0,0.0,0.0,1.0,5.5,8,364
0.0,0.0,0.0,0.0,1.0,5.5,8,357
0.0,0.0,0.0,0.0,1.0,5.5,8,367
0.0,0.0,0.0,0.0,1.0,4.0,8,302
0.0,0.0,0.0,0.0,1.0,4.0,8,304
0.0,0.0,0.0,0.0,1.0,4.0,8,322
0.0,0.0,0.0,0.0,1.0,4.0,8,324
0.0,0.0,0.0,0.0,1.0,4.0,8,275
0.0,0.0,0.0,0.0,1.0,4.0,8,306
0.0,0.0,0.0,0.0,1.0,5.5,8,291
0.0,0.0,0.0,0.0,1.0,6.0,12,339
0.0,0.0,0.0,0.0,1.0,3.0,6,261
0.0,0.0,0.0,0.0,1.0,4.0,8,410
0.0,0.0,0.0,0.0,1.0,4.7,8,317
0.0,0.0,0.0,0.0,1.0,3.0,6,305
0.0,0.0,0.0,0.0,1.0,4.7,8,346
0.0,0.0,0.0,0.0,1.0,2.0,4,268
0.0,0.0,0.0,0.0,1.0,4.0,8,276
0.0,0.0,0.0,0.0,1.0,4.0,8,261
0.0,0.0,0.0,0.0,1.0,1.5,3,174
0.0,0.0,0.0,0.0,1.0,1.5,3,212
0.0,0.0,0.0,0.0,1.0,2.0,4,195
0.0,0.0,0.0,1.0,0.0,1.5,4,208
0.0,0.0,0.0,1.0,0.0,1.5,4,216
0.0,0.0,0.0,1.0,0.0,2.5,4,179
0.0,0.0,0.0,1.0,0.0,2.5,4,290
0.0,0.0,0.0,1.0,0.0,1.6,4,169
0.0,0.0,0.0,0.0,1.0,3.5,6,227
0.0,0.0,0.0,1.0,0.0,3.5,6,259
0.0,0.0,0.0,1.0,0.0,5.6,8,331
0.0,0.0,0.0,0.0,1.0,4.0,6,324
0.0,0.0,0.0,0.0,1.0,4.0,6,352
0.0,0.0,0.0,0.0,1.0,2.5,4,257
0.0,0.0,0.0,0.0,1.0,3.0,6,229
0.0,0.0,0.0,0.0,1.0,2.9,6,235
0.0,0.0,0.0,0.0,1.0,2.9,6,249
0.0,0.0,0.0,0.0,1.0,4.0,8,279
0.0,0.0,0.0,0.0,1.0,6.6,12,397
0.0,0.0,0.0,0.0,1.0,6.7,12,387
0.0,0.0,0.0,0.0,1.0,6.6,12,388
0.0,0.0,0.0,0.0,1.0,2.5,4,291
0.0,0.0,0.0,0.0,1.0,2.5,4,296
0.0,0.0,0.0,1.0,0.0,2.5,4,164
0.0,0.0,0.0,1.0,0.0,3.5,6,210
0.0,0.0,0.0,1.0,0.0,3.5,6,215
0.0,0.0,0.0,1.0,0.0,2.5,4,113
0.0,0.0,0.0,1.0,0.0,2.5,4,121
0.0,0.0,0.0,1.0,0.0,5.7,8,371
0.0,0.0,0.0,1.0,0.0,4.6,8,354
0.0,0.0,0.0,1.0,0.0,5.7,8,383
0.0,0.0,0.0,1.0,0.0,1.8,4,225
0.0,0.0,0.0,1.0,0.0,1.8,4,224
0.0,0.0,0.0,1.0,0.0,1.8,4,218
0.0,0.0,0.0,1.0,0.0,2.0,4,229
0.0,0.0,0.0,1.0,0.0,2.0,4,226
0.0,0.0,0.0,0.0,1.0,2.4,4,199
0.0,0.0,0.0,0.0,1.0,5.2,12,312
0.0,0.0,0.0,0.0,1.0,5.2,12,324
0.0,0.0,0.0,0.0,1.0,4.0,8,264
0.0,0.0,0.0,0.0,1.0,2.0,4,182
0.0,0.0,0.0,1.0,0.0,2.0,4,248
0.0,0.0,0.0,0.0,1.0,2.5,5,247
0.0,0.0,0.0,0.0,1.0,2.9,6,262
0.0,0.0,0.0,0.0,1.0,2.9,6,268
0.0,0.0,0.0,0.0,1.0,2.5,5,241
0.0,0.0,0.0,0.0,1.0,4.0,8,315
0.0,0.0,0.0,0.0,1.0,6.8,8,465
0.0,0.0,0.0,0.0,1.0,2.0,4,194
0.0,0.0,0.0,0.0,1.0,4.4,8,282
0.0,0.0,0.0,0.0,1.0,4.4,8,269
0.0,0.0,0.0,0.0,1.0,4.4,8,270
0.0,0.0,0.0,0.0,1.0,4.4,8,314
0.0,0.0,0.0,1.0,0.0,1.4,4,204
0.0,0.0,0.0,1.0,0.0,1.4,4,214
0.0,0.0,0.0,1.0,0.0,3.6,6,238
0.0,0.0,0.0,0.0,1.0,4.2,8,324
0.0,0.0,0.0,0.0,1.0,3.6,6,298
0.0,0.0,0.0,0.0,1.0,6.2,8,337
0.0,0.0,0.0,0.0,1.0,6.2,8,279
0.0,0.0,0.0,0.0,1.0,6.2,8,355
1.0,0.0,0.0,0.0,0.0,2.8,4,270
0.0,0.0,0.0,1.0,0.0,2.5,4,267
1.0,0.0,0.0,0.0,0.0,2.8,4,283
1.0,0.0,0.0,0.0,0.0,2.8,4,326
0.0,0.0,0.0,0.0,1.0,6.2,8,299
0.0,0.0,0.0,0.0,1.0,6.2,8,286
0.0,0.0,0.0,0.0,1.0,6.2,8,318
0.0,0.0,0.0,0.0,1.0,6.2,8,381
0.0,0.0,0.0,0.0,1.0,6.2,8,368
1.0,0.0,0.0,0.0,0.0,1.6,4,199
0.0,0.0,0.0,1.0,0.0,1.5,4,207
0.0,0.0,0.0,1.0,0.0,4.3,6,316
0.0,0.0,0.0,1.0,0.0,5.3,8,326
0.0,0.0,0.0,1.0,0.0,5.3,8,329
0.0,0.0,0.0,1.0,0.0,5.3,8,290
0.0,0.0,0.0,1.0,0.0,2.7,4,275
0.0,0.0,0.0,1.0,0.0,4.3,6,329
0.0,0.0,0.0,1.0,0.0,5.3,8,339
0.0,1.0,0.0,0.0,0.0,5.3,8,322
0.0,0.0,0.0,1.0,0.0,5.3,8,350
0.0,0.0,0.0,1.0,0.0,5.3,8,320
0.0,0.0,0.0,0.0,1.0,6.2,8,321
0.0,0.0,0.0,1.0,0.0,5.3,8,325
0.0,0.0,0.0,1.0,0.0,5.3,8,314
0.0,1.0,0.0,0.0,0.0,5.3,8,298
0.0,0.0,0.0,1.0,0.0,5.3,8,336
0.0,0.0,0.0,1.0,0.0,5.3,8,321
0.0,1.0,0.0,0.0,0.0,5.3,8,305
0.0,0.0,0.0,0.0,1.0,6.4,8,304
0.0,0.0,0.0,1.0,0.0,1.3,4,213
0.0,0.0,0.0,1.0,0.0,1.0,3,196
0.0,0.0,0.0,1.0,0.0,2.7,6,259
0.0,1.0,0.0,0.0,0.0,2.5,4,218
0.0,0.0,0.0,1.0,0.0,1.5,4,232
0.0,0.0,0.0,1.0,0.0,3.5,6,307
0.0,0.0,0.0,1.0,0.0,2.7,6,260
0.0,0.0,0.0,1.0,0.0,3.3,6,256
0.0,1.0,0.0,0.0,0.0,3.3,6,247
0.0,0.0,0.0,1.0,0.0,5.0,8,287
0.0,0.0,0.0,1.0,0.0,5.0,8,326
0.0,0.0,0.0,1.0,0.0,2.7,6,268
1.0,0.0,0.0,0.0,0.0,3.0,6,287
0.0,0.0,0.0,1.0,0.0,5.0,8,312
0.0,1.0,0.0,0.0,0.0,5.0,8,323
0.0,0.0,0.0,1.0,0.0,3.5,6,336
0.0,0.0,0.0,0.0,1.0,3.5,6,402
0.0,0.0,0.0,1.0,0.0,2.3,4,221
0.0,0.0,0.0,1.0,0.0,2.3,4,242
0.0,0.0,0.0,1.0,0.0,2.3,4,227
0.0,0.0,0.0,1.0,0.0,2.3,4,244
0.0,0.0,0.0,1.0,0.0,5.0,8,289
0.0,0.0,0.0,1.0,0.0,2.3,4,243
0.0,0.0,0.0,1.0,0.0,2.3,4,241
0.0,0.0,0.0,1.0,0.0,5.0,8,302
0.0,0.0,0.0,1.0,0.0,2.3,4,256
0.0,0.0,0.0,1.0,0.0,3.5,6,346
0.0,0.0,0.0,1.0,0.0,3.7,6,355
0.0,1.0,0.0,0.0,0.0,2.0,4,209
0.0,1.0,0.0,0.0,0.0,2.0,4,208
0.0,0.0,0.0,0.0,1.0,3.3,6,274
0.0,0.0,0.0,1.0,0.0,2.5,4,237
0.0,0.0,0.0,1.0,0.0,4.3,6,317
0.0,0.0,0.0,1.0,0.0,5.3,8,294
0.0,0.0,0.0,1.0,0.0,2.7,4,277
0.0,0.0,0.0,1.0,0.0,5.3,8,330
0.0,1.0,0.0,0.0,0.0,5.3,8,323
0.0,0.0,0.0,1.0,0.0,5.3,8,316
0.0,0.0,0.0,0.0,1.0,6.2,8,326
0.0,0.0,0.0,1.0,0.0,2.0,4,117
0.0,0.0,0.0,1.0,0.0,2.0,4,164
0.0,0.0,0.0,1.0,0.0,1.8,4,181
0.0,0.0,0.0,1.0,0.0,1.5,4,114
0.0,0.0,0.0,1.0,0.0,1.6,4,172
0.0,0.0,0.0,1.0,0.0,1.6,4,104
0.0,0.0,0.0,1.0,0.0,3.3,6,268
0.0,0.0,0.0,1.0,0.0,3.3,6,276
0.0,0.0,0.0,1.0,0.0,3.3,6,297
0.0,0.0,0.0,0.0,1.0,3.7,6,275
0.0,0.0,0.0,1.0,0.0,3.2,6,249
0.0,0.0,0.0,1.0,0.0,2.0,4,249
0.0,0.0,0.0,1.0,0.0,1.3,4,204
0.0,0.0,0.0,1.0,0.0,1.3,4,216
0.0,0.0,0.0,1.0,0.0,1.3,4,230
0.0,0.0,0.0,1.0,0.0,3.3,6,238
0.0,0.0,0.0,1.0,0.0,2.4,4,199
0.0,0.0,0.0,1.0,0.0,3.3,6,272
0.0,0.0,0.0,1.0,0.0,2.4,4,242
0.0,0.0,0.0,1.0,0.0,1.6,4,198
0.0,0.0,0.0,0.0,1.0,6.5,12,487
0.0,0.0,0.0,0.0,1.0,6.5,12,493
0.0,0.0,0.0,0.0,1.0,5.2,10,366
0.0,0.0,0.0,0.0,1.0,5.2,10,370
0.0,0.0,0.0,0.0,1.0,4.0,8,384
0.0,0.0,0.0,0.0,1.0,3.0,6,311
1.0,0.0,0.0,0.0,0.0,3.0,6,279
0.0,0.0,0.0,0.0,1.0,5.0,8,305
0.0,0.0,0.0,0.0,1.0,5.0,8,365
0.0,0.0,0.0,1.0,0.0,2.5,4,124
0.0,0.0,0.0,1.0,0.0,3.5,6,211
0.0,0.0,0.0,0.0,1.0,3.5,6,214
0.0,0.0,0.0,1.0,0.0,3.0,6,289
0.0,0.0,0.0,1.0,0.0,2.0,4,257
0.0,0.0,0.0,1.0,0.0,2.3,4,270
0.0,0.0,0.0,1.0,0.0,3.7,6,297
0.0,0.0,0.0,1.0,0.0,2.0,4,250
0.0,0.0,0.0,1.0,0.0,3.5,6,314
0.0,0.0,0.0,0.0,1.0,3.0,6,324
0.0,0.0,0.0,0.0,1.0,3.0,6,330
0.0,0.0,0.0,0.0,1.0,3.8,8,360
1.0,0.0,0.0,0.0,0.0,2.2,4,227
0.0,0.0,0.0,0.0,1.0,2.0,4,192
0.0,0.0,0.0,0.0,1.0,2.0,4,201
0.0,0.0,0.0,0.0,1.0,4.0,8,282
0.0,0.0,0.0,0.0,1.0,4.0,8,277
0.0,0.0,0.0,0.0,1.0,4.0,8,299
0.0,0.0,0.0,0.0,1.0,4.0,8,396
0.0,0.0,0.0,0.0,1.0,3.0,6,297
0.0,0.0,0.0,0.0,1.0,4.7,8,370
0.0,0.0,0.0,0.0,1.0,4.0,8,323
0.0,0.0,0.0,0.0,1.0,6.0,12,337
0.0,0.0,0.0,0.0,1.0,5.5,8,303
0.0,0.0,0.0,0.0,1.0,3.0,6,213
0.0,0.0,0.0,0.0,1.0,4.0,8,378
0.0,0.0,0.0,0.0,1.0,2.0,4,234
0.0,0.0,0.0,0.0,1.0,3.0,6,312
0.0,0.0,0.0,0.0,1.0,4.0,8,286
0.0,0.0,0.0,1.0,0.0,1.2,3,143
0.0,0.0,0.0,1.0,0.0,1.2,3,151
0.0,0.0,0.0,1.0,0.0,1.2,3,148
0.0,0.0,0.0,1.0,0.0,1.2,3,153
0.0,0.0,0.0,1.0,0.0,2.5,4,174
0.0,0.0,0.0,1.0,0.0,2.0,4,190
0.0,0.0,0.0,1.0,0.0,5.6,8,364
0.0,0.0,0.0,1.0,0.0,4.0,6,299
0.0,0.0,0.0,0.0,1.0,3.8,6,295
0.0,0.0,0.0,0.0,1.0,3.5,6,233
0.0,0.0,0.0,1.0,0.0,1.8,4,183
0.0,0.0,0.0,0.0,1.0,3.8,6,315
0.0,0.0,0.0,0.0,1.0,4.0,6,335
0.0,0.0,0.0,0.0,1.0,4.0,6,350
0.0,0.0,0.0,0.0,1.0,2.5,4,231
0.0,0.0,0.0,0.0,1.0,2.9,6,275
0.0,0.0,0.0,0.0,1.0,4.0,8,329
0.0,0.0,0.0,0.0,1.0,2.0,4,264
0.0,0.0,0.0,0.0,1.0,2.9,6,261
0.0,0.0,0.0,0.0,1.0,2.9,6,273
0.0,0.0,0.0,0.0,1.0,4.0,8,295
0.0,0.0,0.0,1.0,0.0,5.7,8,320
0.0,0.0,0.0,1.0,0.0,5.7,8,290
0.0,0.0,0.0,1.0,0.0,5.7,8,325
0.0,0.0,0.0,0.0,1.0,6.7,12,382
0.0,0.0,0.0,1.0,0.0,3.5,6,220
0.0,0.0,0.0,1.0,0.0,2.0,4,157
0.0,0.0,0.0,1.0,0.0,1.8,4,109
0.0,0.0,0.0,1.0,0.0,2.5,4,140
0.0,0.0,0.0,1.0,0.0,1.4,4,178
0.0,0.0,0.0,0.0,1.0,2.9,6,271
0.0,0.0,0.0,0.0,1.0,2.9,6,288
0.0,0.0,0.0,0.0,1.0,4.0,8,270
0.0,0.0,0.0,0.0,1.0,4.0,8,333
0.0,0.0,0.0,1.0,0.0,2.0,4,182
0.0,0.0,0.0,0.0,1.0,4.0,8,308
0.0,0.0,0.0,0.0,1.0,2.5,5,243
0.0,0.0,0.0,0.0,1.0,2.9,6,255
0.0,0.0,0.0,0.0,1.0,4.0,8,339
0.0,0.0,0.0,0.0,1.0,6.0,12,401
0.0,0.0,0.0,0.0,1.0,6.0,12,364
0.0,0.0,0.0,0.0,1.0,6.0,12,373
0.0,0.0,0.0,0.0,1.0,4.4,8,290
0.0,0.0,0.0,0.0,1.0,3.0,6,290
0.0,0.0,0.0,0.0,1.0,6.6,12,354
0.0,0.0,0.0,0.0,1.0,3.0,6,339
0.0,0.0,0.0,0.0,1.0,4.4,8,302
0.0,0.0,0.0,0.0,1.0,4.4,8,318
0.0,0.0,0.0,1.0,0.0,1.2,3,198
0.0,0.0,0.0,1.0,0.0,1.3,3,199
0.0,0.0,0.0,1.0,0.0,3.6,6,255
0.0,0.0,0.0,0.0,1.0,2.7,4,232
0.0,0.0,0.0,0.0,1.0,2.7,4,238
0.0,0.0,0.0,0.0,1.0,2.7,4,234
0.0,0.0,0.0,0.0,1.0,3.0,6,268
0.0,0.0,0.0,1.0,0.0,3.6,6,270
0.0,0.0,0.0,1.0,0.0,2.5,4,238
0.0,0.0,0.0,0.0,1.0,6.2,8,282
0.0,0.0,0.0,0.0,1.0,6.2,8,296
1.0,0.0,0.0,0.0,0.0,2.8,4,284
0.0,1.0,0.0,0.0,0.0,3.6,6,246
0.0,0.0,0.0,1.0,0.0,1.5,4,189
0.0,0.0,0.0,1.0,0.0,2.7,4,262
0.0,0.0,0.0,1.0,0.0,4.3,6,318
0.0,1.0,0.0,0.0,0.0,5.3,8,326
0.0,0.0,0.0,1.0,0.0,5.3,8,286
0.0,0.0,0.0,1.0,0.0,2.7,4,280
1.0,0.0,0.0,0.0,0.0,3.0,6,252
0.0,0.0,0.0,1.0,0.0,4.3,6,331
0.0,0.0,0.0,1.0,0.0,4.3,6,349
0.0,0.0,0.0,1.0,0.0,5.3,8,331
0.0,1.0,0.0,0.0,0.0,5.3,8,342
0.0,0.0,0.0,1.0,0.0,5.3,8,354
0.0,0.0,0.0,1.0,0.0,5.3,8,296
0.0,0.0,0.0,1.0,0.0,5.3,8,337
0.0,1.0,0.0,0.0,0.0,5.3,8,319
0.0,0.0,0.0,0.0,1.0,6.2,8,343
0.0,0.0,0.0,0.0,1.0,6.4,8,305
0.0,0.0,0.0,0.0,1.0,6.2,8,358
0.0,0.0,0.0,1.0,0.0,1.0,3,197
0.0,0.0,0.0,1.0,0.0,1.5,3,185
0.0,0.0,0.0,1.0,0.0,1.5,3,196
0.0,0.0,0.0,1.0,0.0,3.3,6,225
0.0,0.0,0.0,1.0,0.0,3.3,6,254
0.0,1.0,0.0,0.0,0.0,3.3,6,245
0.0,0.0,0.0,1.0,0.0,5.0,8,297
0.0,1.0,0.0,0.0,0.0,5.0,8,294
0.0,0.0,0.0,1.0,0.0,5.0,8,319
0.0,0.0,0.0,1.0,0.0,3.3,6,274
0.0,1.0,0.0,0.0,0.0,3.3,6,265
0.0,0.0,0.0,1.0,0.0,3.5,6,304
0.0,0.0,0.0,1.0,0.0,5.0,8,317
0.0,1.0,0.0,0.0,0.0,5.0,8,296
0.0,0.0,0.0,0.0,1.0,3.5,6,393
0.0,0.0,0.0,1.0,0.0,2.3,4,252
0.0,0.0,0.0,0.0,1.0,5.2,8,342
0.0,0.0,0.0,0.0,1.0,5.2,8,392
0.0,0.0,0.0,1.0,0.0,3.5,6,340
0.0,1.0,0.0,0.0,0.0,3.5,6,316
0.0,0.0,0.0,1.0,0.0,3.5,6,352
0.0,1.0,0.0,0.0,0.0,3.5,6,328
0.0,0.0,0.0,0.0,1.0,3.3,6,284
0.0,0.0,0.0,0.0,1.0,3.3,6,280
1.0,0.0,0.0,0.0,0.0,3.0,6,245
0.0,0.0,0.0,1.0,0.0,5.3,8,288
0.0,0.0,0.0,1.0,0.0,5.3,8,344
0.0,1.0,0.0,0.0,0.0,5.3,8,325
0.0,0.0,0.0,1.0,0.0,1.5,4,202
0.0,0.0,0.0,0.0,1.0,1.5,4,183
0.0,0.0,0.0,0.0,1.0,1.5,4,172
0.0,0.0,0.0,1.0,0.0,1.5,4,180
0.0,0.0,0.0,1.0,0.0,1.5,4,115
0.0,0.0,0.0,1.0,0.0,1.6,4,160
0.0,0.0,0.0,1.0,0.0,1.6,4,168
0.0,0.0,0.0,1.0,0.0,1.6,4,99
0.0,0.0,0.0,1.0,0.0,3.8,6,250
0.0,0.0,0.0,1.0,0.0,3.8,6,265
0.0,0.0,0.0,1.0,0.0,2.0,4,255
0.0,0.0,0.0,1.0,0.0,2.4,4,241
0.0,0.0,0.0,0.0,1.0,5.6,8,360
0.0,0.0,0.0,0.0,1.0,5.0,8,303
0.0,0.0,0.0,0.0,1.0,5.0,8,299
0.0,0.0,0.0,1.0,0.0,3.6,6,296
1.0,0.0,0.0,0.0,0.0,3.0,6,255
0.0,0.0,0.0,1.0,0.0,1.6,4,190
0.0,0.0,0.0,1.0,0.0,2.0,4,169
0.0,0.0,0.0,1.0,0.0,1.6,4,151
0.0,0.0,0.0,1.0,0.0,1.6,4,167
0.0,0.0,0.0,1.0,0.0,3.3,6,261
0.0,0.0,0.0,1.0,0.0,3.8,6,264
0.0,0.0,0.0,0.0,1.0,6.5,12,485
0.0,0.0,0.0,0.0,1.0,2.0,4,266
0.0,0.0,0.0,0.0,1.0,2.0,4,262
0.0,0.0,0.0,0.0,1.0,5.0,8,336
0.0,0.0,0.0,0.0,1.0,2.0,4,245
0.0,0.0,0.0,0.0,1.0,5.0,8,318
0.0,0.0,0.0,1.0,0.0,3.5,6,213
0.0,0.0,0.0,0.0,1.0,4.6,8,337
0.0,0.0,0.0,0.0,1.0,3.4,6,262
0.0,0.0,0.0,0.0,1.0,5.7,8,395
0.0,0.0,0.0,0.0,1.0,5.0,8,285
0.0,0.0,0.0,1.0,0.0,3.0,6,280
0.0,0.0,0.0,1.0,0.0,3.5,6,315
0.0,0.0,0.0,0.0,1.0,1.5,3,200
0.0,0.0,0.0,1.0,0.0,3.8,6,273
0.0,0.0,0.0,1.0,0.0,3.8,6,287
0.0,0.0,0.0,1.0,0.0,2.0,4,171
0.0,0.0,0.0,0.0,1.0,5.6,8,313
0.0,0.0,0.0,1.0,0.0,1.6,4,158
0.0,0.0,0.0,0.0,1.0,2.9,6,278
1.0,0.0,0.0,0.0,0.0,3.0,6,243
0.0,0.0,0.0,1.0,0.0,5.7,8,299
0.0,0.0,0.0,0.0,1.0,6.7,12,386
0.0,0.0,0.0,0.0,1.0,6.6,12,400
0.0,0.0,0.0,0.0,1.0,6.6,12,387
0.0,0.0,0.0,1.0,0.0,2.4,4,213
0.0,0.0,0.0,0.0,1.0,2.5,4,297
0.0,0.0,0.0,1.0,0.0,4.0,6,321
0.0,0.0,0.0,1.0,0.0,2.5,4,197
0.0,0.0,0.0,1.0,0.0,1.8,4,165
0.0,0.0,0.0,1.0,0.0,2.0,4,158
0.0,0.0,0.0,1.0,0.0,1.8,4,106
0.0,0.0,0.0,0.0,1.0,3.0,6,208
0.0,0.0,0.0,1.0,0.0,2.5,4,158
0.0,0.0,0.0,1.0,0.0,2.5,4,156
0.0,0.0,0.0,1.0,0.0,5.7,8,385
0.0,0.0,0.0,1.0,0.0,5.7,8,381
0.0,0.0,0.0,1.0,0.0,2.0,4,273
